Clefable,Chansey,Dugtrio,Skarmory,Sableye,Toxapex
Scizor,Greninja,Dugtrio,Zapdos,Heatran,Tangrowth
Sableye,Dugtrio,Slowbro,Ferrothorn,Clefable,Chansey
Amoonguss,Dugtrio,Slowbro,Tyranitar,Zapdos,Blissey
Lopunny,Heatran,Ferrothorn,Landorus-Therian,Greninja,Latios
Skarmory,Chansey,Tapu Lele,Gliscor,Toxapex,Volcarona
Raichu-Alola,Tapu Koko,Hawlucha,Landorus-Therian,Ferrothorn,Blastoise
Clefable,Latios,Ferrothorn,Greninja,Heatran,Garchomp
Scizor,Zapdos,Chansey,Dugtrio,Ditto,Toxapex
Venusaur,Keldeo-Resolute,Skarmory,Chansey,Heatran,Bisharp
Medicham,Excadrill,Tornadus-Therian,Slowbro,Hydreigon,Celesteela
Lopunny,Heatran,Ferrothorn,Landorus-Therian,Greninja,Latios
Raichu-Alola,Tapu Koko,Hawlucha,Landorus-Therian,Ferrothorn,Blastoise
Clefable,Chansey,Dugtrio,Skarmory,Sableye,Toxapex
Clefable,Chansey,Dugtrio,Skarmory,Sableye,Toxapex
Tapu Bulu,Magnezone,Pinsir,Tapu Fini,Greninja,Landorus-Therian
Kartana,Tyranitar,Heatran,Landorus-Therian,Tornadus-Therian,Tapu Bulu
Mawile,Landorus-Therian,Heatran,Tapu Bulu,Greninja,Tornadus-Therian
Swampert,Ferrothorn,Greninja,Kingdra,Pelipper,Tapu Lele
Lopunny,Suicune,Celesteela,Landorus-Therian,Amoonguss,Latios
Garchomp,Ferrothorn,Zapdos,Mawile,Greninja,Landorus-Therian
Skarmory,Chansey,Tapu Lele,Gliscor,Toxapex,Volcarona
Garchomp,Ferrothorn,Zapdos,Mawile,Greninja,Landorus-Therian
Clefable,Chansey,Dugtrio,Skarmory,Sableye,Toxapex
Pelipper,Tapu Koko,Hawlucha,Swampert,Kingdra,Ferrothorn
Sableye,Toxapex,Dugtrio,Chansey,Skarmory,Clefable
Garchomp,Hippowdon,Greninja,Celesteela,Excadrill,Amoonguss
Scizor,Tapu Lele,Zapdos,Latias,Chansey,Kartana
Tapu Bulu,Magnezone,Pinsir,Tapu Fini,Greninja,Landorus-Therian
Lopunny,Heatran,Ferrothorn,Landorus-Therian,Greninja,Latios
Mawile,Heatran,Greninja,Tornadus-Therian,Tapu Bulu,Landorus-Therian
Reuniclus,Toxapex,Latias,Ferrothorn,Landorus-Therian,Bisharp
Greninja,Mawile,Rotom-Wash,Tornadus-Therian,Heatran,Tangrowth
Venusaur,Keldeo-Resolute,Skarmory,Chansey,Heatran,Bisharp
Latias,Gliscor,Toxapex,Ferrothorn,Tapu Koko,Clefable
Sableye,Ferrothorn,Weavile,Landorus-Therian,Toxapex,Celesteela
Landorus-Therian,Alakazam,Tapu Lele,Magnezone,Greninja,Tapu Koko
Kartana,Tyranitar,Heatran,Landorus-Therian,Tornadus-Therian,Tapu Bulu
Greninja,Ferrothorn,Pelipper,Tapu Lele,Swampert,Kartana
Sableye,Ferrothorn,Weavile,Landorus-Therian,Toxapex,Celesteela
Skarmory,Chansey,Tapu Lele,Gliscor,Toxapex,Volcarona
Ninetales-Alola,Porygon-Z,Excadrill,Gyarados,Scolipede,Latias
Venusaur,Keldeo-Resolute,Skarmory,Chansey,Heatran,Bisharp
Toxapex,Heatran,Tapu Bulu,Latios,Landorus-Therian,Clefable
Tyranitar,Excadrill,Skarmory,Toxapex,Magnezone,Garchomp
Tapu Lele,Mawile,Landorus-Therian,Tapu Fini,Heatran,Zapdos
Greninja,Bisharp,Pinsir,Salazzle,Tapu Fini,Landorus-Therian
Charizard,Clefable,Skarmory,Toxapex,Tapu Lele,Excadrill
Espeon,Lapras,Gliscor,Crobat,Clefable,Ninetales
Tornadus-Therian,Latios,Clefable,Slowbro,Tangrowth,Heatran
Muk-Alola,Landorus-Therian,Venusaur,Rotom-Wash,Kartana,Heatran
Tyranitar,Excadrill,Skarmory,Toxapex,Magnezone,Garchomp
Torkoal,Venusaur,Houndoom,Zapdos,Chansey,Gliscor
Chansey,Blissey,Audino,Comfey,Wigglytuff,Latias
Azumarill,Togekiss,Scizor,Xurkitree,Quagsire,Alakazam
Gyarados,Tapu Koko,Landorus-Therian,Espeon,Salamence,Serperior
Infernape,Luxray,Vaporeon,Krookodile,Aerodactyl,Gardevoir
Swampert,Serperior,Pelipper,Volcarona,Tentacruel,Kingdra
Greninja,Beedrill,Buzzwole,Typhlosion,Skarmory,Sylveon
Duskull,Jigglypuff,Slaking,Minior-Yellow,Furret,Oricorio-Sensu
Charizard,Greninja,Torterra,Goodra,Electivire,Crobat
Shuckle,Tyranitar,Tapu Koko,Hawlucha,Greninja,Volcarona
Pinsir,Ninetales-Alola,Magnezone,Chansey,Greninja,Gliscor
Gardevoir,Landorus-Therian,Milotic,Conkeldurr,Skarmory,Blacephalon
Espeon,Metagross,Tapu Lele,Medicham,Latias,Hoopa-Unbound
Keldeo-Resolute,Skarmory,Heatran,Bisharp,Chansey,Venusaur
Snorlax,Torkoal,Venusaur,Rotom-Wash,Entei,Conkeldurr
Dragonite,Tyrantrum,Garchomp,Gyarados,Salamence,Tyranitar
Cloyster,Landorus-Therian,Greninja,Lopunny,Ferrothorn,Heatran
Charizard,Greninja,Torterra,Goodra,Electivire,Crobat
Medicham,Greninja,Ferrothorn,Zapdos,Volcarona,Chansey
Haxorus,Pelipper,Swampert,Kartana,Scizor,Tapu Koko
Clefable,Haxorus,Gyarados,Espeon,Regigigas,Dragonite
Swampert,Politoed,Pelipper,Rotom-Wash,Ferrothorn,Tapu Koko
Tapu Fini,Charizard,Gliscor,Raikou,Weavile,Tapu Lele
Swampert,Pelipper,Ferrothorn,Tapu Koko,Tapu Fini,Incineroar
Tapu Lele,Tornadus-Therian,Landorus-Therian,Heatran,Gastrodon-East,Kartana
Raichu-Alola,Tapu Koko,Pelipper,Hawlucha,Swampert,Scizor
Ferrothorn,Toxapex,Skarmory,Sableye,Clefable,Quagsire
Tapu Bulu,Garchomp,Heatran,Greninja,Venusaur,Tapu Lele
Suicune,Ferrothorn,Heatran,Landorus-Therian,Toxapex,Latias
Greninja,Dhelmise,Tapu Koko,Hawlucha,Swampert,Charizard
Tyranitar,Gastrodon,Magnezone,Tornadus-Therian,Kartana,Tapu Bulu
Forretress,Audino,Gengar,Pangoro,Scolipede,Salamence
Haxorus,Pelipper,Swampert,Kartana,Scizor,Tapu Koko
Lopunny,Landorus-Therian,Zapdos,Toxapex,Tapu Bulu,Heatran
Heatran,Landorus-Therian,Tapu Fini,Alakazam,Weavile,Ferrothorn
Espeon,Metagross,Tapu Lele,Medicham,Latias,Hoopa-Unbound
Latias,Landorus-Therian,Ferrothorn,Tyranitar,Tapu Koko,Blacephalon
Serperior,Ferrothorn,Kartana,Tapu Bulu,Breloom,Venusaur
Pinsir,Tyranitar,Latias,Zapdos,Lycanroc,Slowking
Gardevoir,Venusaur,Cloyster,Toxapex,Incineroar,Landorus-Therian
Flygon,Azumarill,Hippowdon,Sableye,Chansey,Pyukumuku
Landorus-Therian,Zapdos,Scizor,Volcarona,Clefable,Gastrodon
Medicham,Landorus-Therian,Celesteela,Chansey,Volcarona,Greninja
Muk,Charizard,Bulbasaur,Greninja,Hawlucha,Gliscor
Goodra,Alomomola,Greninja,Excadrill,Braviary,Venusaur
Charizard,Ferrothorn,Starmie,Gliscor,Zoroark,Clefable
Ferrothorn,Serperior,Mimikyu,Volcarona,Sableye,Rotom-Wash
Chansey,Toxapex,Sableye,Shedinja,Flygon,Zapdos
Lucario,Rotom-Wash,Clefable,Ferrothorn,Gengar,Dragonite
Gengar,Aerodactyl,Dragonite,Bisharp,Rotom-Wash,Conkeldurr
Tyranitar,Gastrodon,Magnezone,Tornadus-Therian,Kartana,Tapu Bulu
Goodra,Alomomola,Greninja,Excadrill,Braviary,Venusaur
Heatran,Tapu Bulu,Charizard,Rotom-Wash,Landorus-Therian,Latias
Tapu Fini,Pinsir,Magnezone,Tornadus-Therian,Gastrodon-East,Tangrowth
Pinsir,Gastrodon,Landorus-Therian,Greninja,Celesteela,Toxapex
Medicham,Landorus-Therian,Celesteela,Chansey,Volcarona,Greninja
Chansey,Pelipper,Swampert,Hawlucha,Tapu Koko,Landorus-Therian
Medicham,Landorus-Therian,Celesteela,Chansey,Volcarona,Greninja
Alakazam,Blacephalon,Greninja,Magnezone,Charizard,Hoopa-Unbound
Goodra,Mamoswine,Chandelure,Togekiss,Beedrill,Tyranitar
Reuniclus,Pyukumuku,Araquanid,Porygon-Z,Absol,Bastiodon
Charizard,Greninja,Excadrill,Tyranitar,Zeraora,Serperior
Pinsir,Tyranitar,Latias,Zapdos,Lycanroc,Slowking
Ambipom,Lopunny,Hitmonlee,Togekiss,Chansey,Musharna
Umbreon,Gastrodon,Gliscor,Ninetales,Clefable,Absol
Mienshao,Mamoswine,Gardevoir,Tentacruel,Ampharos,Talonflame
Muk,Charizard,Bulbasaur,Greninja,Hawlucha,Gliscor
Serperior,Ferrothorn,Kartana,Tapu Bulu,Breloom,Venusaur
Tapu Lele,Keldeo-Resolute,Alakazam,Landorus-Therian,Heatran,Zapdos
Lopunny,Landorus-Therian,Amoonguss,Tapu Fini,Kartana,Heatran
Golem-Alola,Rotom-Wash,Scizor,Excadrill,Skarmory,Electivire
Magnezone,Greninja,Tapu Lele,Scizor,Landorus-Therian,Celesteela
Ariados,Conkeldurr,Tapu Koko,Haxorus,Yanmega,Starmie
Celesteela,Mawile,Heatran,Landorus-Therian,Greninja,Tapu Bulu
Landorus-Therian,Heracross,Tapu Bulu,Clefable,Celesteela,Greninja
Mawile,Landorus-Therian,Heatran,Zapdos,Ferrothorn,Dragonite
Medicham,Landorus-Therian,Celesteela,Chansey,Volcarona,Greninja
Tapu Lele,Heatran,Kommo-o,Alakazam,Tornadus-Therian,Azumarill
Tyranitar,Excadrill,Skarmory,Toxapex,Magnezone,Garchomp
Bronzong,Tapu Lele,Rotom-Wash,Excadrill,Salamence,Sceptile
Bronzong,Tapu Lele,Rotom-Wash,Excadrill,Salamence,Sceptile
Hippowdon,Skarmory,Chansey,Excadrill,Toxapex,Garchomp
Tapu Lele,Heatran,Kommo-o,Alakazam,Tornadus-Therian,Azumarill
Serperior,Galvantula,Pelipper,Swampert,Ditto,Kommo-o
Golem-Alola,Rotom-Wash,Scizor,Excadrill,Skarmory,Electivire
Zeraora,Shuckle,Celesteela,Mimikyu,Garchomp,Greninja
Dragonite,Breloom,Weavile,Porygon-Z,Conkeldurr,Gardevoir
Politoed,Swampert,Magnezone,Goodra,Xatu,Umbreon
Excadrill,Tyranitar,Haxorus,Gengar,Garchomp,Ferrothorn
Umbreon,Gastrodon,Gliscor,Ninetales,Clefable,Absol
Carracosta,Beedrill,Blacephalon,Exeggutor-Alola,Tapu Fini,Forretress
Hariyama,Tyranitar,Whimsicott,Charizard,Tapu Koko,Tornadus-Therian
Tapu Koko,Greninja,Scizor,Heatran,Landorus-Therian,Tangrowth
Tyranitar,Excadrill,Skarmory,Toxapex,Magnezone,Garchomp
Tapu Koko,Greninja,Scizor,Heatran,Landorus-Therian,Tangrowth
Tapu Fini,Pinsir,Magnezone,Tornadus-Therian,Toxapex,Tangrowth
Mawile,Clefable,Ferrothorn,Tornadus-Therian,Gliscor,Alakazam
Primarina,Ferrothorn,Zapdos,Diggersby,Lopunny,Blacephalon
Azumarill,Charizard,Tangrowth,Garchomp,Hoopa-Unbound,Gengar
Lopunny,Landorus-Therian,Amoonguss,Tapu Fini,Kartana,Heatran
Blacephalon,Celesteela,Kartana,Stakataka,Xurkitree,Buzzwole
Greninja,Kartana,Toxapex,Ninetales-Alola,Lopunny,Tapu Lele
Greninja,Ferrothorn,Chansey,Gardevoir,Garchomp,Incineroar
Victreebel,Torkoal,Garchomp,Bisharp,Medicham,Mimikyu
Dragonite,Umbreon,Heracross,Sceptile,Gliscor,Dusknoir
Charizard,Blissey,Kingdra,Politoed,Scizor,Tornadus-Therian
Azumarill,Zapdos,Sceptile,Heatran,Mamoswine,Klefki
Serperior,Heracross,Heatran,Landorus-Therian,Toxapex,Celesteela
Tyranitar,Krookodile,Mandibuzz,Muk-Alola,Greninja,Hydreigon
Beedrill,Donphan,Ferrothorn,Salamence,Zapdos,Serperior
Hydreigon,Mawile,Clefable,Ferrothorn,Heatran,Landorus-Therian
Tornadus-Therian,Lopunny,Heatran,Greninja,Amoonguss,Garchomp
Rotom-Wash,Tapu Fini,Gyarados,Forretress,Excadrill,Heatran
Pikachu,Venusaur,Blastoise,Charizard,Lapras,Snorlax
Heracross,Greninja,Galvantula,Sylveon,Mandibuzz,Chansey
Lycanroc-Midnight,Mawile,Greninja,Serperior,Umbreon,Toxapex
Salamence,Scizor,Quagsire,Tapu Koko,Heatran,Greninja
Tapu Koko,Kartana,Heatran,Tyranitar,Slowbro,Hoopa-Unbound
Garchomp,Zapdos,Heatran,Landorus-Therian,Tapu Lele,Tyranitar
Tornadus-Therian,Starmie,Stakataka,Audino,Gliscor,Arcanine
Pidgeot,Kartana,Volcarona,Swampert,Tapu Fini,Tapu Lele
Primarina,Ferrothorn,Zapdos,Diggersby,Lopunny,Blacephalon
Tapu Lele,Garchomp,Celesteela,Blacephalon,Breloom,Gyarados
Tyranitar,Toxapex,Skarmory,Landorus-Therian,Excadrill,Sableye
Politoed,Swampert,Magnezone,Goodra,Xatu,Umbreon
Sharpedo,Toxapex,Serperior,Heatran,Tapu Koko,Chansey
Garchomp,Tangrowth,Medicham,Tapu Koko,Clefable,Heatran
Charizard,Tapu Bulu,Heatran,Tornadus-Therian,Tapu Koko,Blacephalon
Ditto,Tapu Bulu,Landorus-Therian,Mawile,Kartana,Heatran
Medicham,Zapdos,Aggron,Volcarona,Silvally-*,Gardevoir
Togekiss,Arcanine,Venusaur,Gyarados,Donphan,Mimikyu
Tyranitar,Gastrodon-East,Magnezone,Tornadus-Therian,Tapu Bulu,Kartana
Zygarde-10%,Ferrothorn,Gengar,Clefable,Latias,Tornadus-Therian
Toxapex,Landorus-Therian,Tapu Koko,Tangrowth,Tyranitar,Gallade
Roserade,Kartana,Gliscor,Mimikyu,Alakazam,Gastrodon-East
Charizard,Gliscor,Ferrothorn,Starmie,Clefable,Greninja
Excadrill,Ribombee,Greninja,Nidoking,Pinsir,Thundurus
Lopunny,Ferrothorn,Landorus-Therian,Heatran,Cloyster,Tyranitar
Zapdos,Blastoise,Ninetales-Alola,Porygon2,Quagsire,Primeape
Xurkitree,Landorus-Therian,Kartana,Celesteela,Toxapex,Reuniclus
Tapu Lele,Tornadus-Therian,Landorus-Therian,Heatran,Gastrodon-East,Kartana
Tapu Bulu,Magnezone,Ferrothorn,Toxapex,Chansey,Zapdos
Cloyster,Aerodactyl,Gengar,Beedrill,Dragonite,Magneton
Lopunny,Gliscor,Heatran,Thundurus-Therian,Tangrowth,Greninja
Tapu Lele,Staraptor,Greninja,Garchomp,Sceptile,Blissey
Mawile,Clefable,Ferrothorn,Tornadus-Therian,Gliscor,Alakazam
Tyranitar,Excadrill,Landorus-Therian,Gastrodon,Hippowdon,Kartana
Charizard,Gyarados,Celesteela,Blacephalon,Landorus-Therian,Tapu Koko
Umbreon,Sylveon,Vaporeon,Espeon,Jolteon,Flareon
Pidgeot,Hoopa-Unbound,Gastrodon,Tyranitar,Infernape,Flygon
Blacephalon,Tapu Bulu,Rotom-Wash,Landorus-Therian,Kartana,Charizard
Mawile,Toxapex,Landorus-Therian,Heatran,Ferrothorn,Kommo-o
Hippowdon,Skarmory,Chansey,Excadrill,Toxapex,Garchomp
Tyranitar,Gastrodon-East,Magnezone,Tornadus-Therian,Tapu Bulu,Kartana
Tyranitar,Excadrill,Landorus-Therian,Gastrodon,Hippowdon,Kartana
Alakazam,Tapu Lele,Greninja,Hydreigon,Garchomp,Forretress
Garchomp,Starmie,Infernape,Salazzle,Kartana,Tyranitar
Umbreon,Sylveon,Vaporeon,Espeon,Jolteon,Flareon
Ferrothorn,Pelipper,Tapu Koko,Swampert,Greninja,Hawlucha
Gallade,Zeraora,Tornadus-Therian,Gastrodon,Heatran,Tapu Bulu
Tapu Bulu,Magnezone,Ferrothorn,Toxapex,Chansey,Zapdos
Ferrothorn,Tornadus-Therian,Latias,Magnezone,Garchomp,Volcarona
Marowak-Alola,Rotom-Wash,Tornadus-Therian,Heatran,Lopunny,Tapu Bulu
Pelipper,Kingdra,Ferrothorn,Gyarados,Excadrill,Skarmory
Starmie,Nidoking,Azumarill,Pelipper,Metagross,Togekiss
Mimikyu,Venusaur,Metagross,Espeon,Klefki,Lucario
Beedrill,Serperior,Tapu Lele,Zapdos,Chansey,Kartana
Latias,Porygon-Z,Greninja,Tapu Koko,Excadrill,Roserade
Tyranitar,Excadrill,Landorus-Therian,Gastrodon,Hippowdon,Kartana
Zeraora,Shiinotic,Salazzle,Decidueye,Kommo-o,Stakataka
Raichu,Mamoswine,Charizard,Lapras,Dragonite,Tyranitar
Wobbuffet,Kartana,Dragonite,Metagross,Gyarados,Mimikyu
Graveler,Combusken,Dragonair,Frogadier,Dusclops,Fraxure
Alakazam,Gengar,Houndoom,Gliscor,Kingler,Metagross
Electrode,Aerodactyl,Rhydon,Gyarados,Yanma,Porygon2
Heatran,Ferrothorn,Latios,Toxapex,Greninja,Landorus-Therian
Tyranitar,Excadrill,Landorus-Therian,Gastrodon,Hippowdon,Kartana
Greninja,Ferrothorn,Chansey,Gardevoir,Garchomp,Incineroar
Pelipper,Golduck,Tapu Koko,Porygon2,Muk-Alola,Buzzwole
Scizor,Heatran,Tapu Bulu,Greninja,Tornadus-Therian,Zygarde-10%
Lucario,Steelix,Bronzong,Gyarados,Zygarde-10%,Tapu Koko
Eelektross,Gliscor,Gardevoir,Blacephalon,Toxapex,Sylveon
Venomoth,Diggersby,Piloswine,Azumarill,Linoone,Persian-Alola
Latias,Landorus-Therian,Ferrothorn,Azumarill,Weavile,Magnezone
Celesteela,Excadrill,Tyranitar,Alakazam,Tapu Lele,Araquanid
Mienshao,Galvantula,Charizard,Tapu Lele,Floatzel,Scolipede
Tyranitar,Magnezone,Kartana,Gastrodon,Tornadus-Therian,Tapu Bulu
Swampert,Skarmory,Tyranitar,Toxapex,Blacephalon,Clefable
Scizor,Celesteela,Dragonite,Magnezone,Ferrothorn,Toxapex
Marowak-Alola,Lurantis,Tapu Fini,Araquanid,Altaria,Hawlucha
Landorus-Therian,Tapu Bulu,Hawlucha,Scizor,Greninja,Zapdos
Medicham,Landorus-Therian,Celesteela,Chansey,Volcarona,Greninja
Lucario,Steelix,Bronzong,Gyarados,Zygarde-10%,Tapu Koko
Tyranitar,Ferrothorn,Medicham,Latios,Celesteela,Seismitoad
Decidueye,Araquanid,Scizor,Raichu,Gastrodon-East,Ninetales
Gliscor,Landorus-Therian,Clefable,Greninja,Volcarona,Celesteela
Skarmory,Sableye,Toxapex,Chansey,Gliscor,Clefable
Hawlucha,Tapu Koko,Volcanion,Landorus-Therian,Charizard,Ferrothorn
Hydreigon,Metagross,Politoed,Thundurus,Klefki,Ludicolo
Garchomp,Gliscor,Charizard,Azumarill,Talonflame,Excadrill
Graveler,Combusken,Dragonair,Frogadier,Dusclops,Fraxure
Piloswine,Granbull,Chansey,Venomoth,Togedemaru,Quagsire
Tornadus-Therian,Lopunny,Heatran,Greninja,Amoonguss,Garchomp
Amoonguss,Magnezone,Azumarill,Garchomp,Latios,Tyranitar
Rhyperior,Seviper,Komala,Drampa,Dragalge,Lickilicky
Charizard,Greninja,Hawlucha,Garchomp,Hoopa-Unbound,Moltres
Snorlax,Wobbuffet,Froslass,Castform,Gallade,Porygon-Z
Tyranitar,Gastrodon-East,Magnezone,Tornadus-Therian,Tapu Bulu,Kartana
Tornadus-Therian,Heatran,Tangrowth,Weavile,Medicham,Diggersby
Landorus-Therian,Zapdos,Keldeo-Resolute,Charizard,Tyranitar,Ferrothorn
Serperior,Charizard,Clefable,Ferrothorn,Gyarados,Hoopa-Unbound
Metagross,Blastoise,Nidoqueen,Scizor,Mandibuzz,Alakazam
Umbreon,Manectric,Articuno,Suicune,Gliscor,Salazzle
Feraligatr,Charizard,Leafeon,Zapdos,Aerodactyl,Snorlax
Infernape,Tangrowth,Goodra,Electivire,Ninetales-Alola,Swampert
Pelipper,Swampert,Gengar,Ferrothorn,Tapu Koko,Hawlucha
Blacephalon,Tapu Bulu,Rotom-Wash,Landorus-Therian,Kartana,Charizard
Garchomp,Tangrowth,Medicham,Tapu Koko,Clefable,Heatran
Weavile,Gengar,Venusaur,Zapdos,Tentacruel,Incineroar
Landorus-Therian,Gyarados,Tapu Lele,Kartana,Hawlucha,Blacephalon
Swellow,Raichu-Alola,Buzzwole,Marowak-Alola,Jellicent,Nihilego
Froslass,Chansey,Heatran,Landorus-Therian,Zapdos,Slowbro
Tapu Lele,Tornadus-Therian,Landorus-Therian,Heatran,Gastrodon-East,Kartana
Tapu Fini,Kartana,Heatran,Landorus-Therian,Scizor,Mimikyu
Tyranitar,Staraptor,Landorus-Therian,Toxapex,Rotom-Wash,Tapu Bulu
Gardevoir,Durant,Hydreigon,Venusaur,Breloom,Celesteela
Keldeo-Resolute,Tapu Bulu,Heracross,Greninja,Landorus-Therian,Heatran
Tapu Lele,Heatran,Landorus-Therian,Toxapex,Scizor,Kartana
Tyranitar,Gastrodon-East,Magnezone,Tornadus-Therian,Tapu Bulu,Kartana
Magnezone,Greninja,Landorus-Therian,Tornadus-Therian,Tapu Bulu,Alakazam
Excadrill,Hoopa-Unbound,Rotom-Wash,Sharpedo,Tapu Koko,Skarmory
Slaking,Camerupt,Alakazam,Lickilicky,Vaporeon,Tapu Lele
Tyranitar,Excadrill,Landorus-Therian,Magnezone,Gastrodon,Hippowdon
Registeel,Swampert,Cradily,Pelipper,Latios,Linoone
Greninja,Ferrothorn,Chansey,Gardevoir,Garchomp,Incineroar
Gengar,Toxapex,Volcarona,Venusaur,Garchomp,Mimikyu
Druddigon,Lopunny,Spiritomb,Heatran,Tapu Bulu,Landorus-Therian
Slaking,Camerupt,Alakazam,Lickilicky,Vaporeon,Tapu Lele
Charizard,Tapu Bulu,Heatran,Tornadus-Therian,Tapu Koko,Blacephalon
Swampert,Skarmory,Tyranitar,Toxapex,Blacephalon,Clefable
Hoopa-Unbound,Galvantula,Tentacruel,Clefable,Blacephalon,Gallade
Pelipper,Tornadus-Therian,Ferrothorn,Greninja,Volcanion,Swampert
Politoed,Swampert,Ferrothorn,Tapu Lele,Weavile,Kingdra
Rotom-Wash,Pineco,Chandelure,Nidoking,Kartana,Cloyster
Hoopa-Unbound,Zapdos,Ferrothorn,Tapu Fini,Landorus-Therian,Latios
Gardevoir,Heatran,Landorus-Therian,Zapdos,Greninja,Tangrowth
Mawile,Magnezone,Landorus-Therian,Greninja,Kartana,Tapu Bulu
Raichu-Alola,Exeggutor-Alola,Ninetales-Alola,Lickilicky,Donphan,Primeape
Volcarona,Pinsir,Heracross,Galvantula,Armaldo,Mothim
Toxapex,Chansey,Greninja,Tangrowth,Medicham,Skarmory
Gliscor,Haxorus,Ferrothorn,Conkeldurr,Greninja,Infernape
Charizard,Tapu Bulu,Kartana,Thundurus-Therian,Chansey,Skarmory
Wigglytuff,Togedemaru,Alakazam,Incineroar,Diggersby,Azelf
Charizard,Infernape,Sceptile,Electivire,Garchomp,Swampert
Regigigas,Heatran,Gyarados,Tapu Bulu,Ninetales-Alola,Scizor
Garchomp,Tyranitar,Excadrill,Serperior,Tapu Lele,Rotom-Heat
Weavile,Gengar,Venusaur,Zapdos,Tentacruel,Incineroar
Volcarona,Excadrill,Serperior,Gyarados,Pinsir,Latios
Sableye,Clefable,Magnezone,Blissey,Zapdos,Tapu Bulu
Garchomp,Tyranitar,Excadrill,Serperior,Tapu Lele,Rotom-Heat
Volcarona,Excadrill,Serperior,Gyarados,Pinsir,Latios
Garchomp,Gyarados,Tapu Koko,Landorus-Therian,Buzzwole,Latios
Ninetales-Alola,Pelipper,Hippowdon,Excadrill,Swampert,Heatran
Lycanroc-Midnight,Houndoom,Lucario,Ninetales-Alola,Manectric,Stoutland
Swampert,Serperior,Pelipper,Galvantula,Tentacruel,Kingdra
Venusaur,Zapdos,Muk-Alola,Clefable,Greninja,Terrakion
Lopunny,Ferrothorn,Heatran,Rotom-Wash,Gengar,Landorus-Therian
Scizor,Gliscor,Greninja,Celesteela,Tapu Koko,Venusaur
Hoopa-Unbound,Terrakion,Seismitoad,Greninja,Scizor,Clefable
Tapu Koko,Kartana,Heatran,Tyranitar,Slowbro,Hoopa-Unbound
Swampert,Pelipper,Tornadus-Therian,Ferrothorn,Heliolisk,Espeon
Charizard,Blastoise,Venusaur,Alakazam,Snorlax,Rhydon
Ribombee,Mimikyu,Excadrill,Charizard,Serperior,Kommo-o
Aerodactyl,Cloyster,Dragonite,Metagross,Zapdos,Tapu Lele
Tapu Bulu,Mawile,Celesteela,Clefable,Porygon2,Tapu Fini
Thundurus-Therian,Heatran,Greninja,Landorus-Therian,Scizor,Toxapex
Medicham,Heatran,Ferrothorn,Tapu Lele,Tornadus-Therian,Gliscor
Azumarill,Weavile,Magnezone,Latios,Landorus-Therian,Ferrothorn
Slaking,Camerupt,Alakazam,Lickilicky,Vaporeon,Tapu Lele
Sableye,Gliscor,Toxapex,Blissey,Heatran,Shedinja
Tapu Koko,Greninja,Scizor,Heatran,Landorus-Therian,Tangrowth
Heatran,Medicham,Rotom-Wash,Tapu Koko,Ferrothorn,Landorus-Therian
Darmanitan,Toxapex,Mimikyu,Venusaur,Chansey,Greninja
Keldeo-Resolute,Tapu Koko,Lopunny,Gliscor,Serperior,Excadrill
Landorus-Therian,Medicham,Alakazam,Tapu Lele,Dusclops,Tangrowth
Roserade,Garchomp,Gliscor,Primarina,Charizard,Weavile
Serperior,Volcarona,Zapdos,Celesteela,Keldeo-Resolute,Garchomp
Azumarill,Zapdos,Sceptile,Heatran,Mamoswine,Klefki
Alakazam,Greninja,Magnezone,Landorus-Therian,Tapu Bulu,Rotom-Wash
Ludicolo,Ferrothorn,Tangrowth,Kingdra,Swampert,Pelipper
Charizard,Blastoise,Venusaur,Alakazam,Snorlax,Rhydon
Charizard,Clefable,Vaporeon,Weavile,Alakazam,Excadrill
Scizor,Tapu Lele,Zapdos,Latias,Chansey,Kartana
Beedrill,Porygon2,Toxapex,Landorus-Therian,Greninja,Magnezone
Slaking,Camerupt,Alakazam,Lickilicky,Vaporeon,Tapu Lele
Ferrothorn,Garchomp,Tyranitar,Charizard,Mamoswine,Gyarados
Gallade,Landorus-Therian,Greninja,Tapu Lele,Whimsicott,Celesteela
Azumarill,Ferrothorn,Garchomp,Charizard,Excadrill,Clefable
Tapu Lele,Tornadus-Therian,Landorus-Therian,Heatran,Gastrodon-East,Kartana
Charizard,Blastoise,Venusaur,Alakazam,Snorlax,Rhydon
Magnezone,Latios,Greninja,Landorus-Therian,Tornadus-Therian,Tapu Bulu
Mawile,Zapdos,Greninja,Tapu Bulu,Heatran,Tyranitar
Lopunny,Ferrothorn,Heatran,Rotom-Wash,Gengar,Landorus-Therian
Weavile,Aggron,Dragonite,Arcanine,Primarina,Espeon
Alakazam,Landorus-Therian,Chansey,Rotom-Wash,Volcarona,Celesteela
Politoed,Swampert,Ferrothorn,Tapu Lele,Weavile,Kingdra
Charizard,Zeraora,Chansey,Buzzwole,Serperior,Tapu Lele
Minior-Green,Mamoswine,Gastrodon-East,Venomoth,Sylveon,Hawlucha
Lopunny,Ferrothorn,Heatran,Rotom-Wash,Gengar,Landorus-Therian
Lopunny,Ferrothorn,Heatran,Rotom-Wash,Gengar,Landorus-Therian
Sableye,Chansey,Skarmory,Quagsire,Cresselia,Clefable
Tyranitar,Slowbro,Tornadus-Therian,Magnezone,Tapu Bulu,Celesteela
Ribombee,Mimikyu,Excadrill,Charizard,Serperior,Kommo-o
Togekiss,Suicune,Garchomp,Serperior,Rotom-Wash,Heatran
Tapu Koko,Kartana,Heatran,Tyranitar,Toxapex,Greninja
Lopunny,Hoopa-Unbound,Ferrothorn,Tapu Fini,Landorus-Therian,Heatran
Tapu Koko,Araquanid,Venusaur,Greninja,Darmanitan,Landorus-Therian
Togekiss,Suicune,Garchomp,Serperior,Rotom-Wash,Heatran
Excadrill,Tyranitar,Magnezone,Garchomp,Skarmory,Toxapex
Latios,Klefki,Chansey,Tapu Lele,Rotom-Wash,Hawlucha
Charizard,Tornadus-Therian,Ferrothorn,Landorus-Therian,Tapu Lele,Keldeo-Resolute
Togekiss,Suicune,Garchomp,Serperior,Rotom-Wash,Heatran
Volcarona,Rotom-Wash,Scizor,Tapu Lele,Heatran,Landorus-Therian
Snorlax,Whimsicott,Smeargle,Clefable,Chansey,Sableye
Volcarona,Electivire,Venusaur,Slowbro,Togekiss,Chansey
Beedrill,Volcarona,Venusaur,Gastrodon-East,Ninetales-Alola,Landorus-Therian
Heatran,Tapu Bulu,Tornadus-Therian,Medicham,Garchomp,Weavile
Gliscor,Clefable,Toxapex,Latias,Ferrothorn,Tyranitar
Furret,Tornadus-Therian,Ferrothorn,Lanturn,Zeraora,Volcarona
Tyranitar,Tangrowth,Heatran,Zapdos,Tapu Lele,Garchomp
Weavile,Latios,Azumarill,Landorus-Therian,Ferrothorn,Magnezone
Feraligatr,Heatran,Venusaur,Celesteela,Tapu Fini,Krookodile
Diggersby,Celesteela,Tapu Lele,Tentacruel,Garchomp,Blacephalon
Pelipper,Ferrothorn,Chansey,Kingdra,Scizor,Togekiss
Togekiss,Honchkrow,Mantine,Gliscor,Xatu,Aerodactyl
Medicham,Ditto,Muk-Alola,Gengar,Volcanion,Azumarill
Latios,Landorus-Therian,Ferrothorn,Greninja,Blacephalon,Clefable
Tyranitar,Gastrodon-East,Ferrothorn,Garchomp,Heatran,Mamoswine
Gastrodon-East,Heatran,Porygon-Z,Scizor,Gliscor,Garchomp
Tyranitar,Slowbro,Tornadus-Therian,Magnezone,Tapu Bulu,Celesteela
Landorus-Therian,Gyarados,Tapu Lele,Kartana,Hawlucha,Blacephalon
Ribombee,Mimikyu,Excadrill,Charizard,Serperior,Kommo-o
Charizard,Tornadus-Therian,Ferrothorn,Landorus-Therian,Tapu Lele,Keldeo-Resolute
Scizor,Crustle,Shuckle,Araquanid,Pinsir,Vikavolt
Galvantula,Beedrill,Excadrill,Greninja,Mamoswine,Toxapex
Marowak-Alola,Lurantis,Tapu Fini,Araquanid,Altaria,Hawlucha
Samurott,Garchomp,Metagross,Charizard,Alakazam,Chansey
Ribombee,Mimikyu,Excadrill,Charizard,Serperior,Kommo-o
Latios,Tapu Bulu,Kartana,Slowbro,Heatran,Magnezone
Scizor,Garchomp,Arcanine,Araquanid,Blissey,Kartana
Pelipper,Ferrothorn,Chansey,Kingdra,Scizor,Togekiss
Excadrill,Tyranitar,Magnezone,Garchomp,Skarmory,Toxapex
Charizard,Blastoise,Venusaur,Alakazam,Snorlax,Rhydon
Slaking,Camerupt,Alakazam,Lickilicky,Vaporeon,Tapu Lele
Tyranitar,Slowbro,Tornadus-Therian,Magnezone,Tapu Bulu,Celesteela
Venusaur,Zapdos,Muk-Alola,Clefable,Greninja,Terrakion
Weavile,Aggron,Dragonite,Arcanine,Primarina,Espeon
Landorus-Therian,Gyarados,Tapu Lele,Kartana,Hawlucha,Blacephalon
Venomoth,Blacephalon,Ferrothorn,Goodra,Alakazam,Keldeo-Resolute
Magnezone,Latios,Landorus-Therian,Clefable,Tapu Bulu,Kartana
Ferrothorn,Hippowdon,Excadrill,Tapu Fini,Greninja,Latios
Muk,Charizard,Bulbasaur,Greninja,Hawlucha,Gliscor
Pelipper,Ferrothorn,Chansey,Kingdra,Scizor,Togekiss
Garchomp,Hippowdon,Greninja,Celesteela,Excadrill,Amoonguss
Nidoking,Gyarados,Dragonite,Magneton,Starmie,Gengar
Garchomp,Tyranitar,Hippowdon,Klefki,Conkeldurr,Breloom
Xatu,Ditto,Gardevoir,Palossand,Keldeo-Resolute,Nidoking
Tyranitar,Slowbro,Tornadus-Therian,Magnezone,Tapu Bulu,Celesteela
Gyarados,Tapu Koko,Landorus-Therian,Espeon,Salamence,Serperior
Suicune,Reuniclus,Tapu Bulu,Landorus-Therian,Alakazam,Heatran
Lopunny,Zapdos,Greninja,Gliscor,Empoleon,Clefable
Tyranitar,Gastrodon-East,Magnezone,Tornadus-Therian,Tapu Bulu,Kartana
Beedrill,Porygon2,Toxapex,Landorus-Therian,Greninja,Magnezone
Heatran,Landorus-Therian,Toxapex,Tornadus-Therian,Magnezone,Blastoise
Shedinja,Chansey,Zapdos,Gliscor,Sableye,Clefable
Tyranitar,Slowbro,Tornadus-Therian,Magnezone,Tapu Bulu,Celesteela
Arcanine,Starmie,Venusaur,Gengar,Dragonite,Rhydon
Ditto,Tapu Bulu,Landorus-Therian,Mawile,Kartana,Heatran
Scizor,Crustle,Shuckle,Buzzwole,Araquanid,Pinsir
Serperior,Volcarona,Zapdos,Celesteela,Keldeo-Resolute,Garchomp
Lopunny,Thundurus-Therian,Hydreigon,Toxapex,Tornadus-Therian,Ferrothorn
Charizard,Venusaur,Gliscor,Ditto,Rotom-Wash,Scolipede
Clefable,Clefairy,Tapu Koko,Gardevoir,Azumarill,Klefki
Tyranitar,Tornadus-Therian,Tapu Bulu,Volcanion,Keldeo-Resolute,Celesteela
Tyranitar,Gastrodon-East,Magnezone,Tornadus-Therian,Tapu Bulu,Kartana
Beedrill,Porygon2,Toxapex,Landorus-Therian,Greninja,Magnezone
Lopunny,Thundurus-Therian,Hydreigon,Toxapex,Tornadus-Therian,Ferrothorn
Skarmory,Chansey,Zapdos,Tapu Lele,Gallade,Porygon2
Ribombee,Mimikyu,Excadrill,Charizard,Serperior,Kommo-o
Heatran,Tapu Bulu,Hoopa-Unbound,Landorus-Therian,Keldeo-Resolute,Aerodactyl
Gardevoir,Metagross,Alomomola,Venusaur,Tapu Koko,Landorus-Therian
Greninja,Raikou,Volcanion,Sylveon,Tangela,Purugly
Sableye,Chansey,Skarmory,Toxapex,Gliscor,Clefable
Lopunny,Blacephalon,Gastrodon,Landorus-Therian,Tapu Bulu,Tornadus-Therian
Zeraora,Mandibuzz,Greninja,Excadrill,Clefable,Charizard
Klefki,Hippowdon,Lucario,Shiinotic,Pidgeot,Sandslash
Volcarona,Salamence,Serperior,Galvantula,Togekiss,Tyranitar
Serperior,Heracross,Heatran,Landorus-Therian,Toxapex,Celesteela
Kartana,Hoopa-Unbound,Heatran,Tapu Bulu,Sceptile,Tornadus-Therian
Weavile,Aggron,Dragonite,Arcanine,Primarina,Espeon
Aerodactyl,Terrakion,Tapu Lele,Chandelure,Landorus-Therian,Kartana
Tyranitar,Slowbro,Tornadus-Therian,Magnezone,Tapu Bulu,Celesteela
Garchomp,Hippowdon,Greninja,Celesteela,Excadrill,Amoonguss
Gliscor,Jolteon,Haxorus,Zoroark,Milotic,Breloom
Nidoking,Durant,Mawile,Hitmonlee,Gengar,Sylveon
Kartana,Scizor,Clefable,Heatran,Greninja,Toxapex
Ditto,Tapu Bulu,Landorus-Therian,Mawile,Kartana,Heatran
Pelipper,Swampert,Tapu Fini,Infernape,Salamence,Ferrothorn
Slaking,Camerupt,Alakazam,Lickilicky,Vaporeon,Tapu Lele
Charizard,Garchomp,Excadrill,Tapu Lele,Terrakion,Bisharp
Noivern,Zeraora,Greninja,Gallade,Typhlosion,Sceptile
Ribombee,Mimikyu,Excadrill,Charizard,Serperior,Kommo-o
Heatran,Tapu Bulu,Tornadus-Therian,Medicham,Garchomp,Tapu Koko
Kartana,Tapu Lele,Tyranitar,Tornadus-Therian,Toxapex,Tangrowth
Heatran,Greninja,Landorus-Therian,Alakazam,Ferrothorn,Clefable
Charizard,Blastoise,Venusaur,Alakazam,Snorlax,Rhydon
Blacephalon,Tapu Bulu,Rotom-Wash,Landorus-Therian,Kartana,Charizard
Hoopa-Unbound,Tyranitar,Tornadus-Therian,Amoonguss,Heatran,Landorus-Therian
Greninja,Mawile,Rotom-Wash,Tornadus-Therian,Heatran,Tangrowth
Landorus-Therian,Gyarados,Tapu Lele,Kartana,Hawlucha,Blacephalon
Zygarde-10%,Ferrothorn,Blastoise,Heatran,Tapu Koko,Landorus-Therian
Charizard,Tapu Bulu,Kartana,Thundurus-Therian,Chansey,Skarmory
Chansey,Scizor,Gliscor,Blacephalon,Gyarados,Heatran
Slaking,Camerupt,Alakazam,Lickilicky,Vaporeon,Tapu Lele
Garchomp,Tapu Bulu,Celesteela,Greninja,Kartana,Nihilego
Volcarona,Salamence,Serperior,Galvantula,Togekiss,Tyranitar
Decidueye,Charizard,Aggron,Sylveon,Muk-Alola,Milotic
Landorus-Therian,Gyarados,Tapu Lele,Kartana,Hawlucha,Blacephalon
Scizor,Heatran,Landorus-Therian,Thundurus-Therian,Greninja,Toxapex
Aerodactyl,Exeggutor,Gyarados,Alakazam,Arcanine,Machamp
Charizard,Tapu Bulu,Heatran,Tornadus-Therian,Tapu Koko,Blacephalon
Charizard,Reuniclus,Tyranitar,Tornadus-Therian,Toxapex,Excadrill
Landorus-Therian,Gyarados,Tapu Lele,Kartana,Hawlucha,Blacephalon
Volcarona,Excadrill,Serperior,Gyarados,Pinsir,Latios
Kartana,Tapu Lele,Tyranitar,Tornadus-Therian,Toxapex,Tangrowth
Ribombee,Mimikyu,Excadrill,Charizard,Serperior,Kommo-o
Togekiss,Honchkrow,Mantine,Gliscor,Xatu,Aerodactyl
Gengar,Kommo-o,Tapu Bulu,Gyarados,Klefki,Zapdos
Ferrothorn,Gliscor,Persian-Alola,Salazzle,Pinsir,Alomomola
Alakazam,Celesteela,Greninja,Zapdos,Garchomp,Kartana
Landorus-Therian,Greninja,Alakazam,Tornadus-Therian,Heatran,Tangrowth
Hoopa-Unbound,Terrakion,Seismitoad,Greninja,Scizor,Clefable
Torkoal,Venusaur,Houndoom,Zapdos,Chansey,Salamence
Zygarde-10%,Ferrothorn,Blastoise,Heatran,Tapu Koko,Landorus-Therian
Tyranitar,Tapu Lele,Celesteela,Landorus-Therian,Toxapex,Serperior
Greninja,Mawile,Rotom-Wash,Tornadus-Therian,Heatran,Tangrowth
Landorus-Therian,Gyarados,Tapu Lele,Kartana,Hawlucha,Blacephalon
Lopunny,Hoopa-Unbound,Landorus-Therian,Tangrowth,Toxapex,Tornadus-Therian
Tapu Fini,Heatran,Thundurus-Therian,Kartana,Alakazam,Landorus-Therian
Charizard,Blastoise,Venusaur,Alakazam,Snorlax,Rhydon
Serperior,Volcarona,Zapdos,Celesteela,Keldeo-Resolute,Garchomp
Mismagius,Tapu Fini,Lucario,Rapidash,Mandibuzz,Cradily
Landorus-Therian,Ferrothorn,Starmie,Pinsir,Chandelure,Thundurus
Venusaur,Breloom,Zapdos,Heatran,Gastrodon,Scolipede
Excadrill,Tyranitar,Magnezone,Garchomp,Skarmory,Toxapex
Kartana,Tapu Lele,Tyranitar,Tornadus-Therian,Toxapex,Tangrowth
Greninja,Rotom-Wash,Garchomp,Medicham,Tornadus-Therian,Clefable
Gabite,Ivysaur,Monferno,Kadabra,Croconaw,Prinplup
Charizard,Tornadus-Therian,Ferrothorn,Landorus-Therian,Tapu Lele,Keldeo-Resolute
Volcarona,Excadrill,Serperior,Gyarados,Pinsir,Latios
Noivern,Zeraora,Greninja,Gallade,Typhlosion,Sceptile
Gardevoir,Celesteela,Terrakion,Greninja,Landorus-Therian,Tentacruel
Butterfree,Galvantula,Forretress,Masquerain,Volcarona,Heracross
Volcarona,Serperior,Salamence,Alakazam,Ferrothorn,Swampert
Garchomp,Klefki,Abomasnow,Gallade,Chandelure,Gyarados
Lucario,Clefairy,Gyarados,Venusaur,Entei,Feraligatr
Crawdaunt,Claydol,Ribombee,Aggron,Arcanine,Rotom-Mow
Conkeldurr,Mamoswine,Togekiss,Rotom-Wash,Scizor,Garchomp
Clefable,Excadrill,Tangrowth,Skarmory,Blissey,Magikarp
Ninetales-Alola,Slowking,Dusclops,Empoleon,Charizard,Salamence
Tyranitar,Gastrodon,Magnezone,Tornadus-Therian,Tapu Bulu,Kartana
Volcarona,Excadrill,Serperior,Gyarados,Pinsir,Latios
Tyranitar,Slowbro,Tornadus-Therian,Magnezone,Tapu Bulu,Celesteela
Kartana,Tapu Lele,Tyranitar,Tornadus-Therian,Toxapex,Tangrowth
Slaking,Camerupt,Alakazam,Lickilicky,Vaporeon,Tapu Lele
Charizard,Garchomp,Excadrill,Tapu Lele,Terrakion,Bisharp
Ribombee,Mimikyu,Excadrill,Charizard,Serperior,Kommo-o
Charizard,Clefable,Vaporeon,Dragonite,Alakazam,Excadrill
Charizard,Tornadus-Therian,Ferrothorn,Landorus-Therian,Tapu Lele,Keldeo-Resolute
Kartana,Ferrothorn,Skarmory,Mimikyu,Salazzle,Araquanid
Eevee,Flareon,Jolteon,Glaceon,Vaporeon,Sylveon
Tyranitar,Alakazam,Rotom-Wash,Hawlucha,Heatran,Tapu Bulu
Bisharp,Mudsdale,Pidgeot,Scolipede,Volcanion,Gallade
Tapu Lele,Tyranitar,Excadrill,Araquanid,Celesteela,Alakazam
Chansey,Latias,Clefable,Magnezone,Landorus-Therian,Toxapex
Tapu Fini,Heatran,Thundurus-Therian,Kartana,Alakazam,Landorus-Therian
Tyranitar,Latios,Celesteela,Tangrowth,Landorus-Therian,Greninja
Heatran,Greninja,Clefable,Conkeldurr,Suicune,Latios
Gengar,Togekiss,Raikou,Gyarados,Entei,Garchomp
Tapu Fini,Heatran,Thundurus-Therian,Kartana,Alakazam,Landorus-Therian
Volcarona,Excadrill,Serperior,Gyarados,Pinsir,Latios
Garchomp,Tangrowth,Rotom-Wash,Charizard,Heatran,Mimikyu
Alakazam,Tapu Lele,Landorus-Therian,Magnezone,Flygon,Keldeo-Resolute
Slaking,Camerupt,Alakazam,Lickilicky,Vaporeon,Tapu Lele
Serperior,Volcarona,Zapdos,Celesteela,Keldeo-Resolute,Garchomp
Tyranitar,Stoutland,Uxie,Mantine,Reuniclus,Ditto
Aerodactyl,Tangela,Rhydon,Arcanine,Gyarados,Chansey
Persian-Alola,Zapdos,Muk-Alola,Dusknoir,Gardevoir,Garchomp
Latias,Rotom-Heat,Primarina,Swampert,Haxorus,Scizor
Charizard,Landorus-Therian,Clefable,Klefki,Greninja,Tapu Fini
Weavile,Rotom-Wash,Scizor,Heatran,Tangrowth,Greninja
Magnezone,Latios,Greninja,Landorus-Therian,Tornadus-Therian,Tapu Bulu
Salamence,Greninja,Ferrothorn,Medicham,Zapdos,Tapu Fini
Beedrill,Porygon2,Toxapex,Landorus-Therian,Greninja,Magnezone
Volcanion,Scizor,Clefable,Tapu Bulu,Zapdos,Tornadus-Therian
Excadrill,Tyranitar,Magnezone,Garchomp,Skarmory,Toxapex
Lopunny,Alakazam,Swellow,Zangoose,Linoone,Metagross
Tapu Koko,Gliscor,Ferrothorn,Greninja,Medicham,Rotom-Heat
Thundurus-Therian,Toxapex,Latias,Tyranitar,Excadrill,Celesteela
Conkeldurr,Mawile,Mimikyu,Porygon2,Cresselia,Marowak-Alola
Medicham,Tentacruel,Silvally-*,Oricorio-Sensu,Garchomp,Altaria
Muk-Alola,Gengar,Toxicroak,Venusaur,Toxapex,Crobat
Lopunny,Thundurus-Therian,Hydreigon,Toxapex,Tornadus-Therian,Ferrothorn
Serperior,Volcarona,Zapdos,Celesteela,Keldeo-Resolute,Garchomp
Scizor,Gliscor,Greninja,Celesteela,Tapu Koko,Venusaur
Archeops,Gengar,Diggersby,Dragonite,Rotom-Wash,Tapu Koko
Garchomp,Celesteela,Magnezone,Azumarill,Lopunny,Nihilego
Volcanion,Scizor,Clefable,Tapu Bulu,Zapdos,Tornadus-Therian
Torkoal,Venusaur,Houndoom,Zapdos,Chansey,Salamence
Suicune,Toxapex,Landorus-Therian,Tapu Bulu,Tyranitar,Excadrill
Ribombee,Mimikyu,Excadrill,Charizard,Serperior,Kommo-o
Tyranitar,Slowbro,Tornadus-Therian,Magnezone,Tapu Bulu,Celesteela
Heatran,Tapu Bulu,Tornadus-Therian,Medicham,Garchomp,Tapu Koko
Garchomp,Alakazam,Tapu Lele,Heatran,Greninja,Serperior
Charizard,Hoopa-Unbound,Tapu Koko,Garchomp,Weavile,Kartana
Porygon-Z,Landorus-Therian,Magnezone,Pinsir,Tangrowth,Greninja
Infernape,Eelektross,Honchkrow,Rotom-Mow,Milotic,Trevenant
Escavalier,Gyarados,Raichu-Alola,Hawlucha,Houndoom,Tapu Bulu
Typhlosion,Ampharos,Feraligatr,Heracross,Skarmory,Donphan
Golisopod,Garchomp,Vikavolt,Slowbro,Charizard,Crobat
Celesteela,Tapu Lele,Araquanid,Goodra,Chesnaught,Salazzle
Eevee,Flareon,Jolteon,Glaceon,Vaporeon,Sylveon
Snorlax,Whimsicott,Smeargle,Clefable,Chansey,Sableye
Medicham,Tapu Bulu,Kartana,Toxapex,Gliscor,Tornadus-Therian
Pinsir,Tapu Fini,Chansey,Kartana,Zeraora,Zapdos
Ninetales,Exeggutor,Rhyperior,Darmanitan,Rotom-Heat,Volcarona
Torkoal,Venusaur,Houndoom,Zapdos,Chansey,Salamence
Tapu Fini,Heatran,Thundurus-Therian,Kartana,Alakazam,Landorus-Therian
Charizard,Tornadus-Therian,Ferrothorn,Landorus-Therian,Tapu Lele,Keldeo-Resolute
Lopunny,Thundurus-Therian,Hydreigon,Toxapex,Tornadus-Therian,Ferrothorn
Volcanion,Scizor,Clefable,Tapu Bulu,Zapdos,Tornadus-Therian
Nidoking,Nidoqueen,Aggron,Dragonite,Cloyster,Magneton
Charizard,Greninja,Tapu Koko,Hawlucha,Serperior,Heatran
Ribombee,Mimikyu,Excadrill,Charizard,Serperior,Kommo-o
Conkeldurr,Togekiss,Rotom-Wash,Garchomp,Tangrowth,Chansey
Rotom-Wash,Garchomp,Heatran,Conkeldurr,Tangrowth,Magikarp
Celesteela,Gliscor,Milotic,Volcarona,Altaria,Zeraora
Krookodile,Kommo-o,Lycanroc-Dusk,Blacephalon,Rotom-Wash,Golisopod
Landorus-Therian,Clefable,Ferrothorn,Zapdos,Heatran,Charizard
Charizard,Gengar,Quagsire,Cradily,Hariyama,Haxorus
Kartana,Tapu Lele,Tyranitar,Tornadus-Therian,Toxapex,Tangrowth
Excadrill,Tyranitar,Zapdos,Toxapex,Magnezone,Garchomp
Ditto,Tapu Bulu,Landorus-Therian,Mawile,Kartana,Heatran
Torkoal,Venusaur,Houndoom,Zapdos,Chansey,Salamence
Snorlax,Mawile,Tapu Fini,Landorus-Therian,Magnezone,Greninja
Toxapex,Landorus-Therian,Tapu Koko,Tangrowth,Tyranitar,Gallade
Azumarill,Blissey,Excadrill,Conkeldurr,Togekiss,Skarmory
Infernape,Eelektross,Honchkrow,Rotom-Mow,Milotic,Trevenant
Venusaur,Heatran,Bisharp,Gliscor,Salamence,Vaporeon
Heracross,Muk-Alola,Heatran,Tapu Bulu,Kartana,Tornadus-Therian
Heatran,Tapu Bulu,Tornadus-Therian,Medicham,Garchomp,Tapu Koko
Tyranitar,Slowbro,Tornadus-Therian,Magnezone,Tapu Bulu,Celesteela
Tapu Koko,Kartana,Heatran,Tyranitar,Slowbro,Hoopa-Unbound
Suicune,Incineroar,Serperior,Manectric,Garchomp,Skarmory
Blacephalon,Mawile,Zapdos,Garchomp,Tapu Fini,Ferrothorn
Volcanion,Scizor,Clefable,Tapu Bulu,Zapdos,Tornadus-Therian
Lopunny,Thundurus-Therian,Hydreigon,Toxapex,Tornadus-Therian,Ferrothorn
Lopunny,Florges-Yellow,Tsareena,Salazzle,Milotic,Espeon
Scizor,Gliscor,Greninja,Celesteela,Tapu Koko,Venusaur
Charizard,Tapu Fini,Garchomp,Tapu Lele,Gliscor,Serperior
Quagsire,Sableye,Amoonguss,Chansey,Skarmory,Haxorus
Sceptile,Skarmory,Gastrodon,Tapu Koko,Excadrill,Rotom-Wash
Muk,Charizard,Bulbasaur,Greninja,Hawlucha,Gliscor
Excadrill,Hippowdon,Mawile,Clefable,Rotom-Wash,Volcarona
Hoopa-Unbound,Terrakion,Seismitoad,Greninja,Scizor,Clefable
Slaking,Camerupt,Alakazam,Lickilicky,Vaporeon,Tapu Lele
Weavile,Aerodactyl,Greninja,Volcarona,Celesteela,Crobat
Toxapex,Charizard,Serperior,Espeon,Scrafty,Dragonite
Azumarill,Weavile,Magnezone,Latios,Landorus-Therian,Ferrothorn
Beedrill,Porygon2,Toxapex,Landorus-Therian,Greninja,Magnezone
Shuckle,Serperior,Malamar,Thundurus,Hawlucha,Weavile
Heatran,Magnezone,Hawlucha,Tangrowth,Tapu Koko,Garchomp
Hawlucha,Lurantis,Marowak-Alola,Altaria,Araquanid,Tapu Fini
Golisopod,Garchomp,Vikavolt,Slowbro,Charizard,Crobat
Pikachu,Kadabra,Magmar,Electabuzz,Marshtomp,Vigoroth
Nidoking,Lopunny,Zapdos,Mimikyu,Chansey,Greninja
Garchomp,Celesteela,Magnezone,Azumarill,Lopunny,Nihilego
Ditto,Tapu Bulu,Landorus-Therian,Mawile,Kartana,Heatran
Heatran,Tapu Bulu,Tornadus-Therian,Medicham,Garchomp,Tapu Koko
Garchomp,Celesteela,Magnezone,Azumarill,Lopunny,Nihilego
Excadrill,Tyranitar,Zapdos,Toxapex,Magnezone,Garchomp
Scizor,Gliscor,Greninja,Celesteela,Tapu Koko,Venusaur
Hippowdon,Excadrill,Tapu Lele,Charizard,Kartana,Salamence
Tyranitar,Slowbro,Tornadus-Therian,Magnezone,Tapu Bulu,Celesteela
Volcanion,Scizor,Clefable,Tapu Bulu,Zapdos,Tornadus-Therian
Volcarona,Excadrill,Serperior,Gyarados,Pinsir,Latios
Kartana,Tapu Lele,Tyranitar,Tornadus-Therian,Toxapex,Tangrowth
Mimikyu,Serperior,Metagross,Ninetales-Alola,Haxorus,Aggron
Xatu,Ditto,Gardevoir,Golem-Alola,Keldeo-Resolute,Nidoking
Lopunny,Thundurus-Therian,Hydreigon,Toxapex,Tornadus-Therian,Ferrothorn
Ditto,Tapu Bulu,Landorus-Therian,Mawile,Kartana,Heatran
Serperior,Volcarona,Zapdos,Celesteela,Keldeo-Resolute,Garchomp
Azumarill,Weavile,Magnezone,Latios,Landorus-Therian,Ferrothorn
Mawile,Tangrowth,Rotom-Wash,Tornadus-Therian,Greninja,Heatran
Tyranitar,Scizor,Skarmory,Landorus-Therian,Serperior,Chansey
Tapu Koko,Greninja,Scizor,Heatran,Landorus-Therian,Tangrowth
Garchomp,Ferrothorn,Rotom-Wash,Togekiss,Lucario,Weavile
Torkoal,Darmanitan,Excadrill,Gliscor,Venusaur,Heatran
Ribombee,Mimikyu,Excadrill,Charizard,Serperior,Kommo-o
Dragonite,Scizor,Greninja,Mamoswine,Heatran,Tapu Bulu
Alakazam,Excadrill,Darmanitan,Toxapex,Zapdos,Serperior
Seismitoad,Scizor,Ferrothorn,Gastrodon,Forretress,Snorlax
Greninja,Gliscor,Garchomp,Muk-Alola,Infernape,Charizard
Comfey,Celesteela,Toxapex,Tapu Koko,Mimikyu,Scizor
Tapu Lele,Tyranitar,Excadrill,Araquanid,Celesteela,Alakazam
Sceptile,Cloyster,Nidoking,Raichu-Alola,Scizor,Bisharp
Salamence,Klefki,Aerodactyl,Cobalion,Porygon-Z,Volcarona
Weavile,Rotom-Wash,Scizor,Heatran,Tangrowth,Greninja
Darmanitan,Toxapex,Mimikyu,Venusaur,Chansey,Greninja
Volcanion,Scizor,Clefable,Tapu Bulu,Zapdos,Tornadus-Therian
Cloyster,Rotom-Wash,Haxorus,Diggersby,Heatran,Gengar
Greninja,Garchomp,Mawile,Tangrowth,Tornadus-Therian,Heatran
Beedrill,Porygon2,Toxapex,Landorus-Therian,Greninja,Magnezone
Garchomp,Alakazam,Tapu Lele,Kartana,Greninja,Serperior
Comfey,Celesteela,Toxapex,Tapu Koko,Mimikyu,Scizor
Conkeldurr,Rotom-Wash,Garchomp,Chansey,Heatran,Tangrowth
Rotom-Wash,Garchomp,Heatran,Conkeldurr,Tangrowth,Azumarill
Lopunny,Hydreigon,Ferrothorn,Toxapex,Tornadus-Therian,Thundurus-Therian
Gyarados,Scizor,Infernape,Nidoking,Hitmontop,Masquerain
Trevenant,Alakazam,Stakataka,Haxorus,Gliscor,Greninja
Alakazam,Greninja,Garchomp,Hawlucha,Clefable,Venusaur
Charizard,Kartana,Tapu Fini,Excadrill,Porygon-Z,Hawlucha
Scizor,Cloyster,Hawlucha,Tapu Koko,Bellossom,Garchomp
Xatu,Ditto,Gardevoir,Golem-Alola,Keldeo-Resolute,Nidoking
Greninja,Blacephalon,Tapu Lele,Zapdos,Heatran,Swampert
Whimsicott,Chandelure,Jolteon,Alakazam,Serperior,Skarmory
Leafeon,Espeon,Vaporeon,Umbreon,Jolteon,Eevee
Volcanion,Scizor,Clefable,Tapu Bulu,Zapdos,Tornadus-Therian
Heatran,Rotom-Wash,Gallade,Tapu Bulu,Garchomp,Tapu Lele
Scizor,Cloyster,Hawlucha,Tapu Koko,Bellossom,Garchomp
Tapu Koko,Charizard,Garchomp,Buzzwole,Magnezone,Landorus-Therian
Tangrowth,Heatran,Tapu Lele,Lopunny,Landorus-Therian,Greninja
Gardevoir,Heatran,Landorus-Therian,Zapdos,Greninja,Tangrowth
Keldeo-Resolute,Xurkitree,Tapu Bulu,Hawlucha,Sigilyph,Gardevoir
Tapu Koko,Scizor,Blacephalon,Landorus-Therian,Rotom-Wash,Hawlucha
Landorus-Therian,Salamence,Charizard,Chansey,Ferrothorn,Tentacruel
Excadrill,Ditto,Scolipede,Tapu Lele,Gyarados,Thundurus
Ribombee,Mimikyu,Excadrill,Charizard,Serperior,Kommo-o
Charizard,Greninja,Bisharp,Rotom-Wash,Latias,Garchomp
Dragonite,Bisharp,Serperior,Greninja,Charizard,Mamoswine
Garchomp,Celesteela,Magnezone,Azumarill,Lopunny,Nihilego
Volcanion,Scizor,Clefable,Tapu Bulu,Zapdos,Tornadus-Therian
Venusaur,Landorus-Therian,Celesteela,Volcarona,Garchomp,Tapu Fini
Dragonite,Scizor,Greninja,Mamoswine,Heatran,Tapu Bulu
Ferrothorn,Pelipper,Kingdra,Swampert,Tapu Koko,Floatzel
Zapdos,Charizard,Excadrill,Serperior,Greninja,Latias
Garchomp,Tangrowth,Rotom-Wash,Charizard,Heatran,Mimikyu
Charizard,Tapu Bulu,Kartana,Thundurus-Therian,Chansey,Skarmory
Keldeo-Resolute,Xurkitree,Tapu Bulu,Hawlucha,Sigilyph,Gardevoir
Beedrill,Porygon2,Toxapex,Landorus-Therian,Greninja,Magnezone
Sandslash-Alola,Heatran,Ferrothorn,Garchomp,Abomasnow,Ninetales-Alola
Swampert,Pelipper,Magnezone,Beartic,Politoed,Xurkitree
Heatran,Tapu Bulu,Tornadus-Therian,Medicham,Garchomp,Tapu Koko
Charizard,Blacephalon,Volcanion,Garchomp,Thundurus-Therian,Ninetales
Trevenant,Alakazam,Stakataka,Haxorus,Gliscor,Greninja
Manectric,Toxapex,Excadrill,Hippowdon,Moltres,Tapu Bulu
Charizard,Goodra,Tyranitar,Scizor,Salamence,Umbreon
Sceptile,Infernape,Electivire,Gastrodon-East,Tapu Lele,Skarmory
Tapu Lele,Tornadus-Therian,Heatran,Landorus-Therian,Kartana,Gastrodon
Pelipper,Swampert,Kingdra,Ferrothorn,Tapu Koko,Hawlucha
Kartana,Bisharp,Tornadus-Therian,Mudsdale,Pidgeot,Scolipede
Landorus-Therian,Gyarados,Tapu Lele,Kartana,Hawlucha,Blacephalon
Charizard,Tapu Bulu,Kartana,Thundurus-Therian,Chansey,Skarmory
Pinsir,Rotom-Wash,Golem-Alola,Latios,Celesteela,Landorus-Therian
Ribombee,Mimikyu,Excadrill,Charizard,Serperior,Kommo-o
Lopunny,Kartana,Landorus-Therian,Greninja,Chansey,Zapdos
Azumarill,Weavile,Magnezone,Latios,Landorus-Therian,Ferrothorn
Heatran,Rotom-Wash,Gallade,Tapu Bulu,Garchomp,Tapu Lele
Hoopa-Unbound,Venusaur,Greninja,Landorus-Therian,Excadrill,Tornadus
Flygon,Magnezone,Kartana,Tornadus-Therian,Gastrodon,Pinsir
Galvantula,Mimikyu,Aggron,Chansey,Blastoise,Alakazam
Salamence,Klefki,Aerodactyl,Cobalion,Porygon-Z,Volcarona
Charizard,Gengar,Snorlax,Pikachu,Pidgeot,Dragonite
Hippowdon,Tyrantrum,Stoutland,Garchomp,Celesteela,Gastrodon
Ferrothorn,Landorus-Therian,Latias,Magnezone,Garchomp,Volcarona
Heatran,Rotom-Wash,Gallade,Tapu Bulu,Garchomp,Tapu Lele
Dragonite,Bisharp,Serperior,Greninja,Charizard,Mamoswine
Haxorus,Tangrowth,Tornadus-Therian,Lopunny,Greninja,Landorus-Therian
Tapu Koko,Raichu-Alola,Hawlucha,Ninetales-Alola,Medicham,Toxapex
Ditto,Tapu Bulu,Landorus-Therian,Mawile,Kartana,Heatran
Pelipper,Greninja,Kingdra,Swampert,Araquanid,Tornadus-Therian
Beedrill,Porygon2,Toxapex,Landorus-Therian,Greninja,Magnezone
Thundurus-Therian,Tangrowth,Greninja,Heatran,Landorus-Therian,Tapu Fini
Tyranitar,Gastrodon-East,Magnezone,Tornadus-Therian,Tapu Bulu,Kartana
Kartana,Tapu Lele,Tyranitar,Tornadus-Therian,Toxapex,Tangrowth
Volcarona,Excadrill,Serperior,Gyarados,Pinsir,Latios
Suicune,Gliscor,Skarmory,Toxapex,Reuniclus,Tangrowth
Garchomp,Celesteela,Magnezone,Azumarill,Lopunny,Nihilego
Volcanion,Scizor,Clefable,Tapu Bulu,Zapdos,Tornadus-Therian
Dragonite,Bisharp,Serperior,Greninja,Charizard,Mamoswine
Medicham,Weavile,Latios,Ferrothorn,Kartana,Greninja
Mamoswine,Skarmory,Magcargo,Umbreon,Espeon,Feraligatr
Dugtrio-Alola,Raichu-Alola,Araquanid,Noivern,Ninetales-Alola,Lycanroc-Dusk
Celesteela,Audino,Mawile,Machamp,Reuniclus,Garchomp
Garchomp,Froslass,Kartana,Ditto,Zeraora,Lopunny
Tapu Koko,Scizor,Greninja,Landorus-Therian,Heatran,Azumarill
Clefable,Toxapex,Celesteela,Excadrill,Tyranitar,Charizard
Weavile,Medicham,Tornadus-Therian,Heatran,Tangrowth,Toxapex
Manectric,Tapu Koko,Eelektross,Jolteon,Thundurus,Zebstrika
Tapu Fini,Chansey,Tangrowth,Sableye,Clefable,Suicune
Latios,Heatran,Landorus-Therian,Tapu Bulu,Scizor,Greninja
Haxorus,Tangrowth,Tornadus-Therian,Lopunny,Greninja,Landorus-Therian
Garchomp,Celesteela,Magnezone,Azumarill,Lopunny,Nihilego
Zapdos,Charizard,Excadrill,Serperior,Greninja,Latias
Pinsir,Tapu Fini,Muk-Alola,Garchomp,Blacephalon,Zapdos
Latios,Heatran,Landorus-Therian,Tapu Bulu,Scizor,Greninja
Tyranitar,Gastrodon-East,Magnezone,Tornadus-Therian,Tapu Bulu,Kartana
Torkoal,Kartana,Venusaur,Houndoom,Scizor,Latias
Medicham,Weavile,Latios,Ferrothorn,Kartana,Greninja
Charizard,Gengar,Snorlax,Pikachu,Pidgeot,Dragonite
Ludicolo,Pelipper,Magnezone,Dusclops,Terrakion,Tapu Lele
Beedrill,Porygon2,Toxapex,Landorus-Therian,Greninja,Magnezone
Landorus-Therian,Kartana,Heatran,Toxapex,Greninja,Tapu Bulu
Crawdaunt,Heatran,Amoonguss,Garchomp,Rotom-Wash,Scizor
Volcarona,Ninetales-Alola,Roserade,Garchomp,Gliscor,Togedemaru
Garchomp,Celesteela,Magnezone,Azumarill,Lopunny,Nihilego
Volcanion,Scizor,Clefable,Tapu Bulu,Zapdos,Tornadus-Therian
Heatran,Rotom-Wash,Gallade,Tapu Bulu,Garchomp,Tapu Lele
Pinsir,Tapu Fini,Muk-Alola,Garchomp,Blacephalon,Zapdos
Venusaur,Landorus-Therian,Celesteela,Volcarona,Garchomp,Tapu Fini
Torkoal,Kartana,Venusaur,Houndoom,Zapdos,Mamoswine
Blacephalon,Mawile,Zapdos,Garchomp,Tapu Fini,Ferrothorn
Vikavolt,Exeggutor-Alola,Crabominable,Stakataka,Camerupt,Uxie
Charizard,Gengar,Snorlax,Pikachu,Pidgeot,Dragonite
Incineroar,Greninja,Tapu Lele,Decidueye,Gengar,Silvally-*
Gardevoir,Heatran,Landorus-Therian,Zapdos,Greninja,Tangrowth
Charizard,Tapu Bulu,Kartana,Thundurus-Therian,Chansey,Skarmory
Pelipper,Swampert,Tapu Koko,Ferrothorn,Magnezone,Tornadus-Therian
Tapu Koko,Greninja,Ferrothorn,Zeraora,Alakazam,Sableye
Terrakion,Skarmory,Gengar,Ditto,Scizor,Thundurus-Therian
Volcarona,Excadrill,Serperior,Gyarados,Pinsir,Latios
Thundurus,Cobalion,Slowbro,Garchomp,Arbok,Tangrowth
Pinsir,Tapu Fini,Muk-Alola,Garchomp,Blacephalon,Zapdos
Medicham,Weavile,Latios,Ferrothorn,Kartana,Greninja
Garchomp,Celesteela,Magnezone,Azumarill,Lopunny,Nihilego
Kartana,Charizard,Gliscor,Ferrothorn,Tapu Koko,Greninja
Pelipper,Greninja,Hawlucha,Tapu Koko,Ferrothorn,Swampert
Venusaur,Landorus-Therian,Celesteela,Volcarona,Garchomp,Tapu Fini
Vaporeon,Aggron,Clefable,Greninja,Staraptor,Gliscor
Gyarados,Xurkitree,Garchomp,Heatran,Chansey,Zapdos
Greninja,Garchomp,Mawile,Tangrowth,Tornadus-Therian,Heatran
Tyranitar,Weavile,Bisharp,Unfezant,Metagross,Charizard
Togekiss,Kartana,Gliscor,Mimikyu,Alakazam,Chansey
Garchomp,Celesteela,Tyranitar,Tangrowth,Tapu Koko,Gastrodon
Landorus-Therian,Tapu Fini,Pelipper,Swampert,Greninja,Celesteela
Clefable,Toxapex,Celesteela,Excadrill,Tyranitar,Charizard
Weavile,Medicham,Tornadus-Therian,Heatran,Tangrowth,Toxapex
Dragonite,Bisharp,Serperior,Greninja,Charizard,Mamoswine
Tapu Koko,Tangrowth,Heatran,Landorus-Therian,Toxapex,Tyranitar
Celesteela,Excadrill,Tyranitar,Alakazam,Tapu Lele,Araquanid
Charizard,Victreebel,Greninja,Tapu Lele,Chansey,Celesteela
Tapu Koko,Kartana,Heatran,Tyranitar,Slowbro,Hoopa-Unbound
Landorus-Therian,Kartana,Tapu Lele,Gyarados,Volcarona,Kommo-o
Blacephalon,Mawile,Zapdos,Garchomp,Tapu Fini,Ferrothorn
Medicham,Weavile,Latios,Ferrothorn,Kartana,Greninja
Kartana,Tapu Lele,Tyranitar,Tornadus-Therian,Toxapex,Tangrowth
Dragonite,Bisharp,Serperior,Greninja,Charizard,Mamoswine
Pelipper,Greninja,Hawlucha,Tapu Koko,Ferrothorn,Swampert
Pinsir,Tapu Fini,Muk-Alola,Garchomp,Blacephalon,Zapdos
Torkoal,Kartana,Venusaur,Houndoom,Zapdos,Mamoswine
Terrakion,Skarmory,Gengar,Ditto,Scizor,Thundurus-Therian
Zapdos,Charizard,Excadrill,Serperior,Greninja,Latias
Ditto,Ninetales-Alola,Bisharp,Donphan,Alakazam,Togekiss
Greninja,Chansey,Rotom-Wash,Volcarona,Mawile,Garchomp
Blissey,Roserade,Charizard,Aggron,Ambipom,Pineco
Ferrothorn,Landorus-Therian,Diggersby,Rotom-Wash,Blacephalon,Venusaur
Charizard,Tapu Bulu,Kartana,Thundurus-Therian,Chansey,Skarmory
Gastrodon-East,Mimikyu,Infernape,Dugtrio-Alola,Hydreigon,Alakazam
Landorus-Therian,Gyarados,Tapu Lele,Kartana,Hawlucha,Blacephalon
Excadrill,Ferrothorn,Clefable,Volcarona,Heatran,Dragonite
Azumarill,Blissey,Excadrill,Conkeldurr,Togekiss,Skarmory
Ninjask,Heracross,Shuckle,Xurkitree,Blissey,Toxapex
Ribombee,Mimikyu,Excadrill,Charizard,Serperior,Kommo-o
Landorus-Therian,Gyarados,Tapu Lele,Kartana,Hawlucha,Blacephalon
Dragonite,Bisharp,Serperior,Greninja,Charizard,Mamoswine
Venusaur,Landorus-Therian,Celesteela,Volcarona,Garchomp,Tapu Fini
Torkoal,Kartana,Venusaur,Houndoom,Chansey,Zapdos
Charizard,Tornadus-Therian,Tapu Lele,Tapu Koko,Muk-Alola,Landorus-Therian
Umbreon,Espeon,Skarmory,Magcargo,Feraligatr,Mamoswine
Clefable,Heatran,Dragonite,Trevenant,Terrakion,Greninja
Toxapex,Chansey,Amoonguss,Celesteela,Tornadus-Therian,Tangrowth
Medicham,Weavile,Latios,Ferrothorn,Kartana,Greninja
Venusaur,Landorus-Therian,Celesteela,Volcarona,Garchomp,Tapu Fini
Zapdos,Charizard,Excadrill,Serperior,Greninja,Latias
Landorus-Therian,Latios,Heatran,Skarmory,Gyarados,Thundurus
Shuckle,Medicham,Bisharp,Blacephalon,Azumarill,Hoopa-Unbound
Darmanitan,Gourgeist-*,Ninetales-Alola,Krookodile,Celesteela,Pidgeot
Tapu Koko,Greninja,Landorus-Therian,Tyranitar,Serperior,Dusknoir
Scizor,Heatran,Landorus-Therian,Thundurus-Therian,Greninja,Toxapex
Charizard,Tangrowth,Clefable,Dragonite,Serperior,Smeargle
Charizard,Tapu Bulu,Kartana,Thundurus-Therian,Chansey,Skarmory
Tapu Lele,Sharpedo,Zeraora,Heatran,Salamence,Palossand
Tapu Koko,Toxapex,Kartana,Gliscor,Zapdos,Lopunny
Sableye,Garchomp,Greninja,Infernape,Kartana,Charizard
Kartana,Scizor,Clefable,Heatran,Greninja,Toxapex
Alakazam,Greninja,Landorus-Therian,Heatran,Kartana,Tapu Koko
Ditto,Ninetales-Alola,Bisharp,Donphan,Alakazam,Togekiss
Blacephalon,Mawile,Zapdos,Garchomp,Tapu Fini,Ferrothorn
Serperior,Toxapex,Scizor,Magnezone,Gliscor,Greninja
Medicham,Tapu Koko,Ferrothorn,Zapdos,Landorus-Therian,Heatran
Landorus-Therian,Gyarados,Tapu Lele,Kartana,Hawlucha,Blacephalon
Blacephalon,Latios,Ferrothorn,Tapu Koko,Landorus-Therian,Gyarados
Pelipper,Excadrill,Mamoswine,Greninja,Mawile,Celesteela
Ribombee,Mimikyu,Excadrill,Charizard,Serperior,Kommo-o
Gastrodon,Tornadus-Therian,Landorus-Therian,Heatran,Tapu Lele,Kartana
Azumarill,Weavile,Magnezone,Latios,Landorus-Therian,Ferrothorn
Charizard,Tapu Bulu,Kartana,Thundurus-Therian,Chansey,Skarmory
Landorus-Therian,Tapu Koko,Kartana,Ferrothorn,Greninja,Charizard
Beedrill,Porygon2,Toxapex,Landorus-Therian,Greninja,Magnezone
Landorus-Therian,Gyarados,Tapu Lele,Kartana,Hawlucha,Blacephalon
Gliscor,Torterra,Magmortar,Breloom,Ninjask,Salamence
Greninja,Medicham,Hippowdon,Blacephalon,Kartana,Mimikyu
Sylveon,Hippowdon,Tyranitar,Celesteela,Ferrothorn,Tapu Koko
Lopunny,Kartana,Landorus-Therian,Greninja,Chansey,Zapdos
Jolteon,Suicune,Gliscor,Tapu Lele,Lopunny,Ferrothorn
Greninja,Gengar,Delphox,Cloyster,Talonflame,Skarmory
Charizard,Snorlax,Hoopa-Unbound,Garchomp,Tapu Koko,Excadrill
Dragonite,Pinsir,Excadrill,Tapu Koko,Greninja,Mimikyu
Azumarill,Bronzong,Zapdos,Hydreigon,Alakazam,Diggersby
Nihilego,Reuniclus,Celesteela,Galvantula,Blastoise,Mamoswine
Venusaur,Tapu Fini,Ninetales,Heatran,Landorus-Therian,Salamence
Charizard,Tapu Bulu,Kartana,Thundurus-Therian,Chansey,Skarmory
Skarmory,Excadrill,Greninja,Pinsir,Gliscor,Magnezone
Greninja,Nosepass,Aron,Gliscor,Starmie,Whimsicott
Weavile,Medicham,Tornadus-Therian,Heatran,Tangrowth,Toxapex
Ribombee,Mimikyu,Excadrill,Charizard,Serperior,Kommo-o
Zapdos,Blastoise,Ninetales-Alola,Porygon2,Quagsire,Primeape
Persian-Alola,Zapdos,Muk-Alola,Dusknoir,Gardevoir,Zygarde-10%
Metagross,Togekiss,Staraptor,Beedrill,Hydreigon,Infernape
Greninja,Mawile,Rotom-Wash,Tornadus-Therian,Heatran,Tangrowth
Dodrio,Electivire,Guzzlord,Latias,Weavile,Zoroark
Shuckle,Bisharp,Pinsir,Tapu Lele,Hawlucha,Serperior
Typhlosion,Medicham,Rotom-Wash,Tapu Bulu,Greninja,Terrakion
Charizard,Tapu Bulu,Kartana,Thundurus-Therian,Chansey,Skarmory
Tapu Lele,Beedrill,Scolipede,Tentacruel,Marowak-Alola,Rampardos
Seaking,Swoobat,Aggron,Hippowdon,Swalot,Houndoom
Keldeo-Resolute,Tapu Koko,Lopunny,Gliscor,Serperior,Excadrill
Tapu Lele,Tyranitar,Excadrill,Araquanid,Celesteela,Alakazam
Seismitoad,Greninja,Mawile,Zapdos,Tapu Bulu,Kartana
Nidoqueen,Tsareena,Pidgeot,Sawk,Incineroar,Eelektross
Bisharp,Alakazam,Landorus-Therian,Zapdos,Keldeo-Resolute,Scolipede
Latias,Gyarados,Ferrothorn,Landorus-Therian,Pinsir,Tapu Lele
Seaking,Swoobat,Aggron,Hippowdon,Swalot,Houndoom
Greninja,Kartana,Landorus-Therian,Medicham,Tapu Koko,Tyranitar
Tapu Bulu,Landorus-Therian,Empoleon,Blissey,Tapu Lele,Incineroar
Simipour,Simisage,Simisear,Greninja,Tapu Koko,Excadrill
Greninja,Excadrill,Charizard,Meowstic,Galvantula,Pikachu
Azumarill,Weavile,Magnezone,Latios,Landorus-Therian,Ferrothorn
Sylveon,Hippowdon,Tyranitar,Celesteela,Ferrothorn,Tapu Koko
Alakazam,Gliscor,Tapu Bulu,Toxapex,Tornadus-Therian,Heatran
Thundurus-Therian,Dragonite,Gyarados,Landorus-Therian,Charizard,Scizor
Celesteela,Blacephalon,Kartana,Greninja,Mimikyu,Toxapex
Charizard,Tangrowth,Clefable,Dragonite,Serperior,Smeargle
Beedrill,Porygon2,Toxapex,Landorus-Therian,Greninja,Magnezone
Charizard,Tapu Bulu,Kartana,Thundurus-Therian,Chansey,Skarmory
Tapu Koko,Cloyster,Staraptor,Tentacruel,Porygon2,Sableye
Ninetales,Medicham,Garchomp,Volcarona,Toxapex,Magnezone
Greninja,Tapu Bulu,Tornadus-Therian,Beedrill,Galvantula,Quagsire
Zeraora,Medicham,Ninetales,Thundurus-Therian,Gliscor,Serperior
Umbreon,Mightyena,Tyranitar,Sableye,Hydreigon,Drapion
Shuckle,Espeon,Hoopa-Unbound,Zapdos,Mimikyu,Gardevoir
Volcarona,Araquanid,Scizor,Scolipede,Armaldo,Ribombee
Lopunny,Latias,Jolteon,Cobalion,Blissey,Tapu Bulu
Araquanid,Shiinotic,Pelipper,Kingdra,Swellow,Tyranitar
Gengar,Ampharos,Gyarados,Dragonite,Espeon,Typhlosion
Lycanroc-Dusk,Raichu-Alola,Noivern,Araquanid,Dugtrio-Alola,Ninetales-Alola
Scizor,Porygon2,Heatran,Skarmory,Chansey,Gliscor
Greninja,Tapu Bulu,Tornadus-Therian,Beedrill,Galvantula,Quagsire
Flygon,Magnezone,Kartana,Tornadus-Therian,Gastrodon,Pinsir
Zeraora,Medicham,Tornadus-Therian,Ferrothorn,Ditto,Heatran
Nihilego,Celesteela,Galvantula,Claydol,Volcarona,Tapu Lele
Araquanid,Dugtrio,Clefable,Gyarados,Swellow,Darmanitan
Breloom,Reuniclus,Houndoom,Excadrill,Latios,Gyarados
Beedrill,Porygon2,Toxapex,Landorus-Therian,Greninja,Magnezone
Garchomp,Empoleon,Arcanine,Staraptor,Charizard,Malamar
Porygon2,Dragonite,Aerodactyl,Kartana,Azelf,Volcarona
Latios,Gyarados,Tapu Lele,Heatran,Gliscor,Tangrowth
Swampert,Kartana,Charizard,Tapu Koko,Nosepass,Volcarona
Tyranitar,Garchomp,Gastrodon-East,Excadrill,Heatran,Reuniclus
Venusaur,Jumpluff,Sceptile,Cradily,Ferrothorn,Tapu Bulu
Aggron,Charizard,Mismagius,Tapu Lele,Landorus-Therian,Araquanid
Garchomp,Glaceon,Liepard,Infernape,Bisharp,Breloom
Luxray,Pangoro,Mimikyu,Reuniclus,Masquerain,Lopunny
Sceptile,Metagross,Ambipom,Rotom-Wash,Nidoking,Sylveon
Scizor,Greninja,Gliscor,Magnezone,Zapdos,Tapu Bulu
Tapu Koko,Charizard,Garchomp,Buzzwole,Magnezone,Landorus-Therian
Skarmory,Delibird,Lanturn,Charizard,Salamence,Zapdos
Beedrill,Porygon2,Toxapex,Landorus-Therian,Greninja,Magnezone
Greninja,Scizor,Heatran,Tapu Bulu,Chansey,Kartana
Snorlax,Sigilyph,Klefki,Cloyster,Dragonite,Rotom-Wash
Tapu Lele,Tyranitar,Excadrill,Araquanid,Celesteela,Alakazam
Beedrill,Porygon2,Toxapex,Landorus-Therian,Greninja,Magnezone
Greninja,Charizard,Excadrill,Venusaur,Krookodile,Zapdos
Gallade,Gengar,Snorlax,Gliscor,Krookodile,Serperior
Gourgeist-*,Gyarados,Zapdos,Salazzle,Kommo-o,Gardevoir
Talonflame,Arcanine,Mawile,Charizard,Serperior,Krookodile
Lopunny,Kartana,Landorus-Therian,Greninja,Chansey,Zapdos
Excadrill,Hoopa-Unbound,Rotom-Wash,Sharpedo,Tapu Koko,Skarmory
Torterra,Rotom-Wash,Garchomp,Gallade,Electivire,Magmortar
Volcanion,Scizor,Greninja,Tapu Koko,Gliscor,Ferrothorn
Mawile,Garchomp,Tapu Koko,Tapu Fini,Heatran,Tapu Bulu
Crawdaunt,Tangrowth,Landorus-Therian,Magnezone,Scizor,Tapu Lele
Medicham,Ditto,Muk-Alola,Tapu Bulu,Tauros,Azumarill
Thundurus-Therian,Clefable,Sharpedo,Heatran,Hawlucha,Excadrill
Greninja,Ferrothorn,Blacephalon,Toxapex,Landorus-Therian,Pinsir
Lucario,Toxapex,Tapu Lele,Clefable,Heatran,Hoopa-Unbound
Swampert,Tapu Koko,Pelipper,Tornadus-Therian,Ferrothorn,Hawlucha
Beedrill,Porygon2,Toxapex,Landorus-Therian,Greninja,Magnezone
Serperior,Medicham,Heatran,Tapu Bulu,Tornadus-Therian,Landorus-Therian
Latios,Ferrothorn,Heatran,Gyarados,Tapu Lele,Landorus-Therian
Raichu-Alola,Tapu Koko,Hawlucha,Landorus-Therian,Ferrothorn,Blastoise
Forretress,Greninja,Medicham,Tornadus-Therian,Gastrodon,Hoopa-Unbound
Flygon,Magnezone,Kartana,Tornadus-Therian,Gastrodon,Pinsir
Diggersby,Garchomp,Toxapex,Latias,Scizor,Greninja
Pinsir,Tyranitar,Latias,Zapdos,Lycanroc,Slowking
Volcanion,Scizor,Greninja,Tapu Koko,Gliscor,Ferrothorn
Beedrill,Porygon2,Toxapex,Landorus-Therian,Greninja,Magnezone
Greninja,Mawile,Rotom-Wash,Tornadus-Therian,Heatran,Tangrowth
Sableye,Marowak-Alola,Latios,Skarmory,Xurkitree,Keldeo-Resolute
Marowak,Charizard,Ditto,Eevee,Alakazam,Breloom
Volcarona,Zapdos,Landorus-Therian,Keldeo-Resolute,Tyranitar,Ferrothorn
Weavile,Medicham,Tornadus-Therian,Heatran,Tangrowth,Toxapex
Keldeo-Resolute,Heatran,Mawile,Tornadus-Therian,Tapu Bulu,Landorus-Therian
Ninetales-Alola,Forretress,Clefable,Beartic,Banette,Mienshao
Pinsir,Zapdos,Celesteela,Gastrodon-East,Metagross,Tapu Lele
Volcanion,Scizor,Greninja,Tapu Koko,Gliscor,Ferrothorn
Azumarill,Weavile,Magnezone,Latios,Landorus-Therian,Ferrothorn
Scizor,Gliscor,Greninja,Blissey,Tapu Koko,Serperior
Lopunny,Kartana,Landorus-Therian,Greninja,Chansey,Zapdos
Weavile,Gengar,Venusaur,Zapdos,Tentacruel,Incineroar
Serperior,Medicham,Heatran,Tapu Bulu,Tornadus-Therian,Landorus-Therian
Dusclops,Eelektross,Breloom,Absol,Porygon-Z,Volcarona
Tapu Koko,Tangrowth,Charizard,Tapu Bulu,Greninja,Landorus-Therian
Volcanion,Scizor,Greninja,Tapu Koko,Gliscor,Ferrothorn
Tyranitar,Gastrodon-East,Magnezone,Tornadus-Therian,Tapu Bulu,Kartana
Rotom-Wash,Ferrothorn,Blacephalon,Hydreigon,Landorus-Therian,Crobat
Volcarona,Araquanid,Scizor,Scolipede,Armaldo,Ribombee
Sceptile,Metagross,Pelipper,Glalie,Ninetales,Swellow
Lycanroc-Dusk,Raichu-Alola,Noivern,Araquanid,Dugtrio-Alola,Ninetales-Alola
Poliwhirl,Delphox,Garchomp,Sceptile,Greninja,Glalie
Clefable,Primeape,Breloom,Gigalith,Aerodactyl,Dragonite
Gourgeist-*,Gyarados,Thundurus-Therian,Salazzle,Kommo-o,Silvally-*
Salazzle,Floatzel,Gliscor,Zapdos,Sylveon,Tyranitar
Roserade,Blacephalon,Zeraora,Tapu Lele,Mamoswine,Kingdra
Milotic,Typhlosion,Umbreon,Alakazam,Garchomp,Ferrothorn
Swampert,Charizard,Magnezone,Tyranitar,Gardevoir,Garchomp
Uxie,Stakataka,Cresselia,Marowak-Alola,Serperior,Azumarill
Salamence,Smeargle,Tapu Lele,Celesteela,Ditto,Greninja
Greninja,Mawile,Rotom-Wash,Tornadus-Therian,Heatran,Tangrowth
Tyranitar,Toxapex,Tornadus-Therian,Ferrothorn,Gliscor,Clefable
Salazzle,Floatzel,Gliscor,Zapdos,Sylveon,Tyranitar
Gengar,Venusaur,Gliscor,Tapu Koko,Hawlucha,Incineroar
Regigigas,Heatran,Gyarados,Tapu Bulu,Ninetales-Alola,Scizor
Landorus-Therian,Heatran,Greninja,Serperior,Medicham,Tapu Bulu
Bewear,Chansey,Porygon-Z,Porygon2,Lopunny,Ditto
Steelix,Gliscor,Jolteon,Guzzlord,Conkeldurr,Starmie
Azumarill,Weavile,Magnezone,Latios,Landorus-Therian,Ferrothorn
Mawile,Garchomp,Heatran,Landorus-Therian,Tapu Koko,Tapu Fini
Landorus-Therian,Latios,Heatran,Skarmory,Gyarados,Thundurus
Empoleon,Gastrodon,Ludicolo,Gyarados,Jellicent,Blastoise
Landorus-Therian,Latios,Heatran,Skarmory,Gyarados,Thundurus
Cloyster,Articuno,Ninetales-Alola,Aurorus,Sandslash-Alola,Jynx
Charizard,Gliscor,Lapras,Electivire,Breloom,Mimikyu
Pelipper,Swampert,Ferrothorn,Greninja,Tornadus-Therian,Azumarill
Lopunny,Ferrothorn,Heatran,Rotom-Wash,Gengar,Landorus-Therian
Manectric,Landorus-Therian,Rotom-Wash,Blissey,Ferrothorn,Conkeldurr
Tapu Lele,Tyranitar,Latios,Excadrill,Araquanid,Celesteela
Tyranitar,Excadrill,Scizor,Zapdos,Tapu Fini,Zygarde-10%
Beedrill,Muk-Alola,Vileplume,Salazzle,Nidoking,Amoonguss
Greninja,Beedrill,Buzzwole,Typhlosion,Skarmory,Sylveon
Charizard,Greninja,Gardevoir,Tyranitar,Lucario,Scizor
Gyarados,Charizard,Manectric,Steelix,Umbreon,Keldeo-Resolute
Hawlucha,Pelipper,Toxicroak,Greninja,Swampert,Tapu Koko
Gardevoir,Galvantula,Avalugg,Gastrodon-East,Greninja,Kartana
Pelipper,Ferrothorn,Chansey,Kingdra,Scizor,Togekiss
Chandelure,Milotic,Blissey,Garchomp,Skarmory,Bisharp
Charizard,Tapu Koko,Hoopa-Unbound,Roserade,Scizor,Cobalion
Kartana,Gengar,Chansey,Medicham,Gliscor,Greninja
Gourgeist-*,Gyarados,Thundurus-Therian,Salazzle,Kommo-o,Silvally-*
Mawile,Magnezone,Landorus-Therian,Greninja,Kartana,Tapu Bulu
Raticate-Alola,Typhlosion,Excadrill,Venusaur,Garchomp,Tapu Fini
Kartana,Greninja,Celesteela,Garchomp,Nihilego,Gyarados
Toxapex,Ferrothorn,Medicham,Landorus-Therian,Heatran,Greninja
Goodra,Magnezone,Weavile,Clefable,Gliscor,Conkeldurr
Tyranitar,Amoonguss,Reuniclus,Mantine,Noivern,Escavalier
Serperior,Tornadus-Therian,Greninja,Landorus-Therian,Toxapex,Heatran
Gliscor,Serperior,Weavile,Rotom-Wash,Muk-Alola,Charizard
Heatran,Serperior,Gastrodon-East,Medicham,Tapu Koko,Dragonite
Charizard,Espeon,Klefki,Mandibuzz,Serperior,Landorus-Therian
Decidueye,Heatran,Sableye,Zapdos,Araquanid,Lucario
Ferrothorn,Chansey,Pelipper,Kabutops,Charizard,Venusaur
Rampardos,Yanmega,Azelf,Gliscor,Latias,Lapras
Goodra,Conkeldurr,Skarmory,Kartana,Venusaur,Greninja
Vaporeon,Scizor,Ninetales-Alola,Politoed,Tangela,Donphan
Venusaur,Keldeo-Resolute,Skarmory,Chansey,Heatran,Bisharp
Volcanion,Scizor,Greninja,Tapu Koko,Gliscor,Ferrothorn
Tapu Lele,Tyranitar,Latios,Excadrill,Araquanid,Celesteela
Scolipede,Araquanid,Scizor,Volcarona,Buzzwole,Armaldo
Landorus-Therian,Latios,Slurpuff,Uxie,Kartana,Chansey
Celesteela,Sableye,Chansey,Pyukumuku,Tangrowth,Gliscor
Gliscor,Volcarona,Umbreon,Eelektross,Ferrothorn,Azumarill
Ferrothorn,Haxorus,Medicham,Nidoking,Umbreon,Togekiss
Chansey,Togekiss,Conkeldurr,Volcarona,Greninja,Skarmory
Klefki,Zapdos,Linoone,Mawile,Infernape,Dhelmise
Steelix,Gliscor,Jolteon,Guzzlord,Conkeldurr,Starmie
Charizard,Swampert,Kommo-o,Ferrothorn,Snorlax,Gliscor
Zapdos,Empoleon,Buzzwole,Hydreigon,Gardevoir,Mamoswine
Charizard,Tornadus-Therian,Tapu Lele,Tapu Koko,Muk-Alola,Landorus-Therian
Pikachu,Blastoise,Charizard,Lapras,Dragonite,Venusaur
Azumarill,Weavile,Magnezone,Latios,Landorus-Therian,Ferrothorn
Mawile,Greninja,Landorus-Therian,Latios,Magnezone,Heatran
Gliscor,Serperior,Weavile,Rotom-Wash,Muk-Alola,Charizard
Thundurus-Therian,Aerodactyl,Gliscor,Tornadus-Therian,Skarmory,Mantine
Cloyster,Skarmory,Nihilego,Beedrill,Clefable,Greninja
Tapu Bulu,Heatran,Toxapex,Latios,Landorus-Therian,Clefable
Greninja,Latias,Ferrothorn,Gliscor,Landorus-Therian,Clefable
Tyranitar,Lycanroc,Pelipper,Swampert,Toxapex,Nihilego
Serperior,Tapu Koko,Volcarona,Landorus-Therian,Toxapex,Mawile
Charizard,Tornadus-Therian,Tapu Lele,Tapu Koko,Muk-Alola,Landorus-Therian
Kingdra,Pelipper,Porygon-Z,Swampert,Florges,Scizor
Ninetales-Alola,Sandslash-Alola,Abomasnow,Milotic,Moltres,Bronzong
Mawile,Greninja,Tangrowth,Toxapex,Heatran,Tapu Bulu
Gliscor,Serperior,Weavile,Rotom-Wash,Muk-Alola,Charizard
Samurott,Talonflame,Trevenant,Tyranitar,Tapu Koko,Beedrill
Drapion,Greninja,Tyranitar,Zoroark,Hydreigon,Umbreon
Dragonite,Mawile,Staraptor,Garchomp,Mimikyu,Celesteela
Latios,Heatran,Toxapex,Landorus-Therian,Ferrothorn,Garchomp
Hawlucha,Tapu Koko,Volcarona,Greninja,Mawile,Zapdos
Gastrodon,Garchomp,Tyranitar,Magnezone,Excadrill,Celesteela
Zapdos,Empoleon,Buzzwole,Hydreigon,Gardevoir,Mamoswine
Pikachu,Blastoise,Charizard,Lapras,Dragonite,Venusaur
Greninja,Garchomp,Alakazam,Beedrill,Excadrill,Salazzle
Aggron,Buzzwole,Chansey,Zapdos,Clefable,Gliscor
Charizard,Chansey,Tapu Koko,Landorus-Therian,Greninja,Kartana
Shuckle,Lopunny,Bisharp,Tapu Lele,Serperior,Mimikyu
Scizor,Gliscor,Greninja,Blissey,Tapu Koko,Serperior
Mimikyu,Shuckle,Golem-Alola,Muk-Alola,Excadrill,Galvantula
Jolteon,Lucario,Swampert,Metagross,Talonflame,Garchomp
Garchomp,Alakazam,Tapu Lele,Landorus-Therian,Hoopa-Unbound,Mimikyu
Machamp,Scizor,Tapu Koko,Tapu Fini,Mamoswine,Greninja
Beedrill,Porygon2,Toxapex,Landorus-Therian,Greninja,Magnezone
Registeel,Medicham,Tapu Bulu,Xurkitree,Chandelure,Mantine
Alakazam,Tapu Fini,Magnezone,Tangrowth,Landorus-Therian,Greninja
Gliscor,Serperior,Weavile,Rotom-Wash,Muk-Alola,Charizard
Alakazam,Landorus-Therian,Zapdos,Kommo-o,Ferrothorn,Magnezone
Alakazam,Heatran,Tapu Bulu,Toxapex,Hawlucha,Garchomp
Weavile,Zapdos,Medicham,Heatran,Greninja,Tapu Bulu
Charizard,Zapdos,Landorus-Therian,Hoopa-Unbound,Ferrothorn,Greninja
Zapdos,Garchomp,Tapu Bulu,Greninja,Heatran,Scizor
Reuniclus,Sableye,Hippowdon,Chansey,Pyukumuku,Skarmory
Butterfree,Pidgeot,Pikachu,Charizard,Bulbasaur,Squirtle
Heatran,Golem-Alola,Rotom-Wash,Amoonguss,Infernape,Celesteela
Landorus-Therian,Lopunny,Toxapex,Clefable,Magnezone,Ferrothorn
Toxapex,Landorus-Therian,Mimikyu,Charizard,Espeon,Magnezone
Dodrio,Blastoise,Eelektross,Amoonguss,Kommo-o,Silvally-*
Suicune,Incineroar,Swellow,Serperior,Manectric,Golurk
Tapu Koko,Bewear,Charizard,Latios,Blissey,Cherrim
Scizor,Gliscor,Greninja,Blissey,Tapu Koko,Serperior
Zygarde-10%,Charizard,Rotom-Wash,Tapu Bulu,Heatran,Conkeldurr
Tyranitar,Magnezone,Tapu Bulu,Kartana,Tornadus-Therian,Gastrodon-East
Klefki,Zapdos,Linoone,Mawile,Infernape,Dhelmise
Tapu Lele,Hawlucha,Mamoswine,Miltank,Porygon2,Celesteela
Raikou,Conkeldurr,Crawdaunt,Blacephalon,Garchomp,Gyarados
Galvantula,Golisopod,Accelgor,Beedrill,Golem-Alola,Lycanroc-Dusk
Latios,Kartana,Araquanid,Blacephalon,Hoopa-Unbound,Clefable
Aerodactyl,Tapu Lele,Landorus-Therian,Ninetales-Alola,Kartana,Excadrill
Tapu Lele,Heatran,Rotom-Heat,Scizor,Bewear,Sawk
Slowbro,Tangrowth,Nidoking,Rotom-Wash,Scizor,Tyranitar
Chandelure,Milotic,Blissey,Garchomp,Skarmory,Bisharp
Heatran,Golem-Alola,Rotom-Wash,Amoonguss,Infernape,Celesteela
Tapu Koko,Hawlucha,Swampert,Pelipper,Tornadus-Therian,Ferrothorn
Incineroar,Mimikyu,Toxapex,Krookodile,Scizor,Noivern
Cresselia,Bronzong,Stakataka,Snorlax,Camerupt,Crawdaunt
Zapdos,Heatran,Gyarados,Buzzwole,Gengar,Flygon
Serperior,Gliscor,Charizard,Weavile,Rotom-Wash,Muk-Alola
Serperior,Gardevoir,Dragonite,Tapu Koko,Galvantula,Kartana
Feraligatr,Porygon-Z,Lycanroc,Dragonite,Metagross,Chandelure
Beedrill,Porygon2,Toxapex,Landorus-Therian,Greninja,Magnezone
Zeraora,Blacephalon,Gyarados,Guzzlord,Mimikyu,Aggron
Swampert,Pelipper,Kingdra,Kabutops,Ferrothorn,Tapu Koko
Zapdos,Heatran,Gyarados,Buzzwole,Gengar,Flygon
Cryogonal,Gligar,Klefki,Salamence,Tapu Fini,Lucario
Qwilfish,Tyranitar,Typhlosion,Feraligatr,Misdreavus,Hitmontop
Weavile,Hippowdon,Thundurus,Mamoswine,Excadrill,Rotom-Wash
Clefable,Bisharp,Charizard,Gengar,Skarmory,Tapu Lele
Ninetales,Entei,Bellossom,Donphan,Rotom-Wash,Mandibuzz
Conkeldurr,Ferrothorn,Greninja,Kingdra,Pelipper,Scizor
Mawile,Tyranitar,Skarmory,Garchomp,Hippowdon,Ferrothorn
Toxapex,Chansey,Celesteela,Gliscor,Heatran,Tapu Bulu
Pinsir,Garchomp,Tapu Fini,Magnezone,Greninja,Tornadus-Therian
Charizard,Azumarill,Gengar,Chansey,Zeraora,Lucario
Umbreon,Blissey,Sigilyph,Zoroark,Tropius,Shuckle
Pelipper,Ferrothorn,Greninja,Tornadus-Therian,Swampert,Magnezone
Tapu Koko,Haxorus,Gliscor,Zapdos,Metagross,Lopunny
Banette,Galvantula,Landorus-Therian,Heatran,Keldeo-Resolute,Cresselia
Typhlosion,Feraligatr,Skarmory,Umbreon,Heracross,Raikou
Bisharp,Muk-Alola,Nihilego,Salamence,Lycanroc-Midnight,Steelix
Lopunny,Heatran,Tapu Bulu,Tapu Koko,Hawlucha,Hoopa-Unbound
Emboar,Galvantula,Braviary,Musharna,Carracosta,Espeon
Latias,Landorus-Therian,Ferrothorn,Tyranitar,Tapu Koko,Blacephalon
Scizor,Gliscor,Greninja,Blissey,Tapu Koko,Serperior
Absol,Ferrothorn,Alakazam,Silvally-*,Tapu Fini,Electrode
Chansey,Landorus-Therian,Alakazam,Tornadus-Therian,Heatran,Kartana
Mimikyu,Shuckle,Golem-Alola,Muk-Alola,Galvantula,Excadrill
Tyranitar,Magnezone,Tapu Fini,Shuckle,Heatran,Scizor
Skarmory,Muk-Alola,Gallade,Tornadus-Therian,Greninja,Landorus-Therian
Clefable,Greninja,Gliscor,Charizard,Amoonguss,Thundurus-Therian
Tyranitar,Toxapex,Heatran,Tangrowth,Kommo-o,Excadrill
Keldeo-Resolute,Heatran,Venusaur,Skarmory,Bisharp,Chansey
Eelektross,Venusaur,Mimikyu,Incineroar,Greninja,Landorus-Therian
Tapu Fini,Mawile,Gliscor,Heatran,Ferrothorn,Hawlucha
Beedrill,Ferrothorn,Greninja,Gliscor,Garchomp,Toxapex
Charizard,Venusaur,Blastoise,Pikachu,Espeon,Snorlax
Beedrill,Porygon2,Toxapex,Landorus-Therian,Greninja,Magnezone
Lopunny,Greninja,Mimikyu,Scizor,Serperior,Rotom-Wash
Dragonite,Volcarona,Mawile,Greninja,Ferrothorn,Toxapex
Dragonite,Tangrowth,Toxapex,Incineroar,Togekiss,Scizor
Tyranitar,Magnezone,Tapu Fini,Shuckle,Heatran,Scizor
Zapdos,Chansey,Sableye,Toxapex,Celesteela,Quagsire
Blacephalon,Tapu Bulu,Rotom-Wash,Landorus-Therian,Kartana,Charizard
Mantine,Mandibuzz,Scizor,Nidoking,Arcanine,Rotom-Mow
Aggron,Darmanitan,Tapu Fini,Zeraora,Staraptor,Haxorus
Scizor,Heatran,Landorus-Therian,Thundurus-Therian,Greninja,Toxapex
Chansey,Toxapex,Scizor,Greninja,Hoopa-Unbound,Heatran
Zapdos,Heatran,Gyarados,Buzzwole,Gengar,Flygon
Dragonite,Scizor,Greninja,Mamoswine,Heatran,Tapu Bulu
Blacephalon,Lopunny,Tornadus-Therian,Tapu Fini,Landorus-Therian,Ferrothorn
Shuckle,Lopunny,Bisharp,Tapu Lele,Serperior,Mimikyu
Feraligatr,Galvantula,Medicham,Tyranitar,Chansey,Greninja
Mantine,Ferrothorn,Landorus-Therian,Charizard,Tapu Koko,Kartana
Regigigas,Heatran,Gyarados,Tapu Bulu,Ninetales-Alola,Scizor
Venusaur,Breloom,Gourgeist-*,Ferrothorn,Tapu Bulu,Serperior
Skarmory,Mawile,Chansey,Zygarde-10%,Greninja,Zeraora
Scizor,Magnezone,Slowbro,Garchomp,Tapu Bulu,Blacephalon
Umbreon,Blissey,Sigilyph,Zoroark,Tropius,Shuckle
Ribombee,Landorus-Therian,Rotom-Wash,Heatran,Tangrowth,Medicham
Chansey,Sableye,Gliscor,Toxapex,Ferrothorn,Tangrowth
Lopunny,Celesteela,Landorus-Therian,Toxapex,Hoopa-Unbound,Kartana
Hawlucha,Tapu Koko,Landorus-Therian,Ferrothorn,Heatran,Latias
Medicham,Araquanid,Serperior,Kartana,Heatran,Tapu Bulu
Lopunny,Tapu Bulu,Zapdos,Greninja,Ferrothorn,Latios
Gigalith,Garchomp,Relicanth,Vanilluxe,Togekiss,Metagross
Chandelure,Milotic,Blissey,Garchomp,Skarmory,Bisharp
Vigoroth,Flygon,Gastrodon,Metagross,Honchkrow,Roserade
Regigigas,Heatran,Gyarados,Tapu Bulu,Ninetales-Alola,Scizor
Toxapex,Chansey,Amoonguss,Celesteela,Tornadus-Therian,Tangrowth
Latias,Landorus-Therian,Ferrothorn,Tyranitar,Tapu Koko,Blacephalon
Zeraora,Weavile,Tapu Lele,Slurpuff,Ninetales-Alola,Tapu Koko
Kartana,Weavile,Tapu Koko,Serperior,Tapu Fini,Ferrothorn
Celesteela,Toxapex,Tangrowth,Ditto,Camerupt,Gliscor
Sceptile,Cloyster,Nidoking,Raichu-Alola,Scizor,Ribombee
Infernape,Eelektross,Honchkrow,Absol,Rotom-Mow,Milotic
Tyranitar,Clefable,Tapu Bulu,Garchomp,Tentacruel,Magnezone
Greninja,Charizard,Serperior,Nidoking,Gengar,Salamence
Sableye,Quagsire,Zapdos,Toxapex,Chansey,Clefable
Mamoswine,Zapdos,Ribombee,Gardevoir,Bisharp,Poliwrath
Zapdos,Empoleon,Buzzwole,Hydreigon,Venusaur,Mimikyu
Lopunny,Heatran,Tapu Bulu,Tapu Koko,Hawlucha,Hoopa-Unbound
Umbreon,Blissey,Sigilyph,Zoroark,Tropius,Shuckle
Heatran,Rotom-Wash,Tapu Bulu,Greninja,Landorus-Therian,Medicham
Hippowdon,Aerodactyl,Magnezone,Skarmory,Gastrodon-East,Excadrill
Magnezone,Landorus-Therian,Ferrothorn,Tapu Fini,Houndoom,Hawlucha
Banette,Galvantula,Landorus-Therian,Heatran,Keldeo-Resolute,Cresselia
Tapu Koko,Hawlucha,Lopunny,Landorus-Therian,Toxapex,Chansey
Lopunny,Tapu Koko,Tornadus-Therian,Heatran,Ferrothorn,Clefable
Ferrothorn,Tapu Koko,Azelf,Heatran,Tyranitar,Whimsicott
Charizard,Landorus-Therian,Zeraora,Riolu,Garchomp,Serperior
Landorus-Therian,Latios,Heatran,Skarmory,Gyarados,Thundurus
Torkoal,Kartana,Venusaur,Houndoom,Chansey,Zapdos
Regigigas,Heatran,Gyarados,Tapu Bulu,Ninetales-Alola,Scizor
Hippowdon,Excadrill,Tapu Lele,Kartana,Salamence,Charizard
Torkoal,Kartana,Venusaur,Houndoom,Chansey,Zapdos
Blissey,Sceptile,Incineroar,Walrein,Zapdos,Garchomp
Kangaskhan,Gyarados,Alakazam,Jolteon,Chansey,Weezing
Blastoise,Arcanine,Vileplume,Machamp,Dragonite,Alakazam
Gardevoir,Tangrowth,Landorus-Therian,Magnezone,Heatran,Greninja
Landorus-Therian,Charizard,Tangrowth,Celesteela,Greninja,Zapdos
Mawile,Garchomp,Landorus-Therian,Clefable,Toxapex,Celesteela
Tauros,Clefable,Feraligatr,Darmanitan,Nidoking,Greninja
Azumarill,Eelektross,Zangoose,Bronzong,Chandelure,Breloom
Latios,Landorus-Therian,Ferrothorn,Greninja,Blacephalon,Clefable
Vigoroth,Flygon,Gastrodon,Metagross,Honchkrow,Roserade
Celesteela,Swampert,Pelipper,Volcarona,Heatran,Greninja
Nidoking,Marowak-Alola,Clefable,Greninja,Gallade,Dragonite
Hippowdon,Excadrill,Tapu Lele,Kartana,Salamence,Charizard
Zapdos,Charizard,Excadrill,Serperior,Greninja,Latias
Mawile,Tangrowth,Landorus-Therian,Tapu Lele,Heatran,Tornadus-Therian
Primarina,Tangrowth,Landorus-Therian,Scizor,Rotom-Heat,Nihilego
Hitmonchan,Dragonite,Blastoise,Xurkitree,Vivillon-Fancy,Ninetales-Alola
Tauros,Gliscor,Heatran,Zapdos,Serperior,Scizor
Tapu Fini,Xurkitree,Weavile,Chandelure,Flygon,Amoonguss
Medicham,Xurkitree,Zapdos,Chansey,Ditto,Kartana
Gliscor,Volcanion,Hydreigon,Scizor,Tapu Bulu,Froslass
Nidoking,Durant,Mawile,Hitmonlee,Gengar,Araquanid
Staraptor,Ferrothorn,Electivire,Hydreigon,Sylveon,Incineroar
Sableye,Ferrothorn,Clefable,Toxapex,Gliscor,Heatran
Tyranitar,Blacephalon,Tornadus-Therian,Ferrothorn,Rotom-Wash,Reuniclus
Charizard,Tornadus-Therian,Ferrothorn,Landorus-Therian,Tapu Lele,Keldeo-Resolute
Rotom-Heat,Torkoal,Volcarona,Infernape,Charizard,Heatran
Talonflame,Tapu Lele,Tapu Koko,Quagsire,Sableye,Chansey
Torterra,Muk-Alola,Hawlucha,Reuniclus,Serperior,Tyranitar
Ferrothorn,Kartana,Celesteela,Toxapex,Heatran,Gliscor
Hawlucha,Tyranitar,Tapu Lele,Magnezone,Greninja,Celesteela
Shuckle,Lopunny,Bisharp,Tapu Lele,Serperior,Mimikyu
Pelipper,Swampert,Kabutops,Kingdra,Chansey,Ludicolo
Umbreon,Blissey,Sigilyph,Zoroark,Tropius,Shuckle
Gallade,Tapu Lele,Zapdos,Landorus-Therian,Tapu Bulu,Heatran
Azumarill,Weavile,Magnezone,Latios,Landorus-Therian,Ferrothorn
Beedrill,Slurpuff,Snorlax,Ferrothorn,Slowking,Thundurus-Therian
Shuckle,Lopunny,Bisharp,Tapu Lele,Serperior,Mimikyu
Persian-Alola,Vaporeon,Zapdos,Dugtrio,Dragonite,Gyarados
Shuckle,Ditto,Gyarados,Bisharp,Kommo-o,Tapu Koko
Greninja,Kartana,Landorus-Therian,Medicham,Tapu Koko,Tyranitar
Charizard,Skarmory,Excadrill,Latias,Tyranitar,Clefable
Garbodor,Excadrill,Lapras,Raikou,Masquerain,Salamence
Pelipper,Ferrothorn,Goodra,Crawdaunt,Kingdra,Ludicolo
Tyranitar,Bisharp,Mandibuzz,Zoroark,Absol,Houndoom
Regigigas,Heatran,Gyarados,Tapu Bulu,Ninetales-Alola,Scizor
Blacephalon,Kartana,Greninja,Tapu Koko,Gyarados,Ferrothorn
Scizor,Gliscor,Greninja,Blissey,Tapu Koko,Serperior
Excadrill,Charizard,Garchomp,Landorus-Therian,Gyarados,Tapu Koko
Landorus-Therian,Salamence,Charizard,Chansey,Ferrothorn,Tentacruel
Charizard,Lucario,Salamence,Pikachu,Garchomp,Aggron
Gastrodon,Tornadus-Therian,Charizard,Latios,Azumarill,Ferrothorn
Slowbro,Minior,Electabuzz,Scrafty,Kricketune,Jynx
Torterra,Muk-Alola,Hawlucha,Reuniclus,Serperior,Tyranitar
Umbreon,Blissey,Sigilyph,Zoroark,Tropius,Shuckle
Vileplume,Torkoal,Alomomola,Heliolisk,Heracross,Slurpuff
Rotom-Wash,Charizard,Heatran,Tapu Bulu,Landorus-Therian,Greninja
Regigigas,Heatran,Gyarados,Tapu Bulu,Ninetales-Alola,Scizor
Venomoth,Pelipper,Mismagius,Heliolisk,Gallade,Ferrothorn
Raichu,Delibird,Palossand,Dragonite,Arcanine,Quagsire
Landorus-Therian,Salamence,Charizard,Chansey,Ferrothorn,Tentacruel
Diggersby,Toxapex,Latias,Scizor,Greninja,Garchomp
Venusaur,Magnezone,Landorus-Therian,Tornadus-Therian,Tapu Koko,Toxapex
Hippowdon,Excadrill,Tapu Lele,Kartana,Salamence,Charizard
Hippowdon,Aerodactyl,Magnezone,Skarmory,Gastrodon-East,Excadrill
Hawlucha,Tapu Koko,Landorus-Therian,Ferrothorn,Heatran,Latias
Gyarados,Heatran,Tapu Koko,Greninja,Serperior,Landorus-Therian
Pineco,Greninja,Hoopa-Unbound,Clefable,Lopunny,Kartana
Heracross,Mimikyu,Slowking,Steelix,Hawlucha,Swoobat
Vigoroth,Flygon,Gastrodon,Metagross,Honchkrow,Roserade
Serperior,Incineroar,Milotic,Salamence,Tyranitar,Raichu-Alola
Pidgeot,Toxapex,Chansey,Tapu Bulu,Blacephalon,Thundurus-Therian
Torkoal,Kartana,Venusaur,Houndoom,Chansey,Zapdos
Pelipper,Goodra,Ludicolo,Cradily,Poliwrath,Magneton
Torkoal,Kartana,Venusaur,Houndoom,Chansey,Zapdos
Landorus-Therian,Greninja,Alakazam,Tornadus-Therian,Heatran,Tangrowth
Scizor,Swampert,Pelipper,Kabutops,Gyarados,Greninja
Tapu Bulu,Magnezone,Latios,Garchomp,Celesteela,Toxapex
Weavile,Landorus-Therian,Mawile,Gyarados,Tapu Fini,Tapu Koko
Beedrill,Snorlax,Greninja,Tapu Bulu,Zapdos,Serperior
Regigigas,Heatran,Gyarados,Tapu Bulu,Ninetales-Alola,Scizor
Medicham,Silvally-*,Greninja,Porygon-Z,Chandelure,Registeel
Beedrill,Slurpuff,Snorlax,Ferrothorn,Slowking,Thundurus-Therian
Tapu Koko,Claydol,Houndoom,Primeape,Gliscor,Tentacruel
Blacephalon,Suicune,Zapdos,Mawile,Dhelmise,Bronzong
Landorus-Therian,Celesteela,Tapu Lele,Snorlax,Aerodactyl,Slowbro
Aggron,Ampharos,Blissey,Togekiss,Scrafty,Gengar
Landorus-Therian,Gyarados,Tapu Lele,Kartana,Hawlucha,Blacephalon
Zeraora,Medicham,Tornadus-Therian,Ferrothorn,Ditto,Heatran
Bisharp,Heracross,Sylveon,Tentacruel,Mamoswine,Hydreigon
Zeraora,Salamence,Goodra,Guzzlord,Mawile,Breloom
Greninja,Tornadus-Therian,Landorus-Therian,Toxapex,Ferrothorn,Lopunny
Weavile,Landorus-Therian,Mawile,Gyarados,Tapu Fini,Tapu Koko
Scizor,Skarmory,Heatran,Ferrothorn,Excadrill,Magnezone
Heracross,Tapu Koko,Skarmory,Garchomp,Ninetales-Alola,Heatran
Volcarona,Weavile,Landorus-Therian,Ferrothorn,Rotom-Wash,Medicham
Tyranitar,Blacephalon,Tornadus-Therian,Ferrothorn,Rotom-Wash,Reuniclus
Rapidash,Rhyperior,Crobat,Bronzong,Empoleon,Luxray
Dugtrio-Alola,Raichu-Alola,Araquanid,Noivern,Ninetales-Alola,Lycanroc-Dusk
Tyranitar,Rotom-Wash,Scizor,Togekiss,Tangrowth,Garchomp
Goodra,Conkeldurr,Volcarona,Rotom-Wash,Serperior,Tangrowth
Ninetales-Alola,Venusaur,Aggron,Golurk,Incineroar,Goodra
Lopunny,Ambipom,Komala,Zangoose,Swellow,Kecleon
Tornadus-Therian,Gastrodon,Garchomp,Kartana,Charizard,Zapdos
Pidgeot,Greninja,Dragonite,Conkeldurr,Ninetales-Alola,Klefki
Garchomp,Porygon2,Infernape,Sableye,Dragonite,Salazzle
Charizard,Kartana,Heatran,Zapdos,Garchomp,Tapu Fini
Reuniclus,Tapu Bulu,Heatran,Suicune,Landorus-Therian,Serperior
Shuckle,Lopunny,Bisharp,Tapu Lele,Serperior,Mimikyu
Pelipper,Swampert,Kabutops,Kingdra,Chansey,Ludicolo
Clefable,Slowbro,Tangrowth,Heatran,Tornadus-Therian,Latios
Heatran,Greninja,Landorus-Therian,Alakazam,Ferrothorn,Clefable
Dragonite,Weavile,Masquerain,Azelf,Nihilego,Donphan
Hydreigon,Krookodile,Toxapex,Gliscor,Mamoswine,Zapdos
Mawile,Toxapex,Tapu Koko,Celesteela,Tapu Bulu,Landorus-Therian
Absol,Greninja,Landorus-Therian,Espeon,Tapu Koko,Serperior
Tapu Bulu,Heatran,Rotom-Wash,Alakazam,Landorus-Therian,Latios
Shedinja,Clefable,Chansey,Sableye,Toxapex,Tornadus-Therian
Medicham,Xurkitree,Zapdos,Chansey,Ditto,Kartana
Garchomp,Greninja,Tyranitar,Excadrill,Pinsir,Rotom-Wash
Blacephalon,Swellow,Piloswine,Terrakion,Milotic,Latias
Swampert,Pelipper,Kingdra,Tapu Koko,Hawlucha,Ferrothorn
Swampert,Politoed,Amoonguss,Scizor,Tornadus-Therian,Serperior
Tapu Bulu,Heatran,Rotom-Wash,Landorus-Therian,Mawile,Hoopa-Unbound
Gardevoir,Scrafty,Garchomp,Espeon,Lilligant,Klefki
Weavile,Landorus-Therian,Mawile,Gyarados,Tapu Fini,Tapu Koko
Tapu Koko,Beedrill,Greninja,Landorus-Therian,Volcarona,Tornadus-Therian
Greninja,Tapu Lele,Blacephalon,Celesteela,Landorus-Therian,Latios
Volcarona,Tyranitar,Zapdos,Ferrothorn,Landorus-Therian,Greninja
Heatran,Greninja,Landorus-Therian,Alakazam,Ferrothorn,Clefable
Hippowdon,Excadrill,Tapu Lele,Kartana,Salamence,Charizard
Pelipper,Swampert,Kabutops,Kingdra,Chansey,Ludicolo
Azumarill,Weavile,Magnezone,Latios,Landorus-Therian,Ferrothorn
Beedrill,Slurpuff,Snorlax,Ferrothorn,Slowking,Thundurus-Therian
Pelipper,Scizor,Thundurus-Therian,Greninja,Blastoise,Weavile
Scizor,Gliscor,Ferrothorn,Clefable,Tornadus-Therian,Heatran
Tyranitar,Tornadus-Therian,Landorus-Therian,Sharpedo,Magnezone,Latios
Comfey,Gallade,Sableye,Crawdaunt,Galvantula,Yanmega
Tapu Bulu,Heatran,Rotom-Wash,Landorus-Therian,Mawile,Hoopa-Unbound
Tyranitar,Gastrodon-East,Magnezone,Tornadus-Therian,Tapu Bulu,Kartana
Latias,Heatran,Clefable,Ferrothorn,Gliscor,Tyranitar
Greninja,Mawile,Rotom-Wash,Tornadus-Therian,Heatran,Tangrowth
Heracross,Tapu Koko,Skarmory,Garchomp,Ninetales-Alola,Heatran
Toxapex,Keldeo-Resolute,Thundurus-Therian,Hoopa-Unbound,Ferrothorn,Medicham
Ambipom,Heracross,Greninja,Cinccino,Zoroark,Cloyster
Shuckle,Lopunny,Bisharp,Tapu Lele,Serperior,Mimikyu
Charizard,Gyarados,Weavile,Tyranitar,Gengar,Excadrill
Shuckle,Togedemaru,Salamence,Gallade,Salazzle,Greninja
Rotom-Wash,Ferrothorn,Blacephalon,Hydreigon,Landorus-Therian,Crobat
Mimikyu,Blacephalon,Banette,Dusknoir,Dhelmise,Gengar
Cloyster,Skarmory,Nihilego,Beedrill,Clefable,Greninja
Celesteela,Chatot,Landorus-Therian,Togetic,Aerodactyl,Dragonite
Mawile,Garchomp,Tapu Fini,Greninja,Heatran,Zapdos
Ferrothorn,Toxapex,Skarmory,Sableye,Clefable,Quagsire
Greninja,Tapu Lele,Blacephalon,Celesteela,Landorus-Therian,Latios
Mimikyu,Greninja,Zapdos,Ferrothorn,Charizard,Gliscor
Greninja,Tapu Bulu,Scizor,Tapu Lele,Garchomp,Tornadus-Therian
Ninetales,Gliscor,Greninja,Sandslash-Alola,Lanturn,Espeon
Tyranitar,Celesteela,Tornadus-Therian,Excadrill,Magnezone,Greninja
Infernape,Staraptor,Aggron,Espeon,Jolteon,Goodra
Garbodor,Excadrill,Lapras,Raikou,Masquerain,Dragonite
Chandelure,Milotic,Blissey,Garchomp,Skarmory,Bisharp
Tapu Bulu,Heatran,Rotom-Wash,Landorus-Therian,Mawile,Hoopa-Unbound
Pelipper,Swampert,Greninja,Xurkitree,Gyarados,Toxapex
Zangoose,Mimikyu,Heatran,Shuckle,Serperior,Salamence
Volcanion,Ferrothorn,Landorus-Therian,Rotom-Wash,Latios,Weavile
Charizard,Volcarona,Rotom-Heat,Chandelure,Infernape,Darmanitan
Heliolisk,Conkeldurr,Braviary,Excadrill,Sceptile,Zoroark
Clefable,Chansey,Pinsir,Landorus-Therian,Feraligatr,Magnezone
Pelipper,Goodra,Ludicolo,Cradily,Poliwrath,Magneton
Shuckle,Lopunny,Bisharp,Tapu Lele,Serperior,Mimikyu
Serperior,Rotom-Wash,Heatran,Tapu Koko,Landorus-Therian,Celesteela
Greninja,Tapu Lele,Blacephalon,Celesteela,Landorus-Therian,Latios
Espeon,Volcanion,Gliscor,Xurkitree,Ferrothorn,Absol
Mawile,Kartana,Landorus-Therian,Tapu Bulu,Chansey,Greninja
Landorus-Therian,Incineroar,Milotic,Tapu Koko,Serperior,Scizor
Scizor,Kartana,Gyarados,Excadrill,Tapu Bulu,Greninja
Chansey,Weavile,Charizard,Magnezone,Excadrill,Keldeo-Resolute
Tapu Bulu,Heatran,Rotom-Wash,Landorus-Therian,Scizor,Hoopa-Unbound
Blacephalon,Gengar,Sableye,Mimikyu,Gliscor,Gourgeist-*
Charizard,Gyarados,Weavile,Tyranitar,Gengar,Excadrill
Alakazam,Breloom,Heatran,Tornadus-Therian,Gliscor,Toxapex
Rotom-Heat,Latias,Conkeldurr,Roserade,Milotic,Excadrill
Goodra,Conkeldurr,Volcarona,Rotom-Wash,Serperior,Sableye
Araquanid,Mimikyu,Tapu Koko,Alakazam,Gliscor,Heatran
Alakazam,Tapu Koko,Greninja,Ferrothorn,Mimikyu,Cloyster
Wobbuffet,Kartana,Raichu-Alola,Charizard,Gyarados,Mimikyu
Toxapex,Gliscor,Landorus-Therian,Thundurus-Therian,Zapdos,Mamoswine
Whimsicott,Scolipede,Musharna,Swanna,Golurk,Zoroark
Tyranitar,Garchomp,Metagross,Sableye,Clefable,Salamence
Tapu Bulu,Heatran,Rotom-Wash,Landorus-Therian,Scizor,Hoopa-Unbound
Pelipper,Swampert,Kabutops,Kingdra,Chansey,Ludicolo
Azumarill,Weavile,Magnezone,Latios,Landorus-Therian,Ferrothorn
Hawlucha,Tapu Lele,Volcarona,Ferrothorn,Heatran,Landorus-Therian
Krookodile,Tapu Bulu,Noivern,Gardevoir,Heatran,Electivire
Dragonite,Gengar,Lucario,Alakazam,Suicune,Serperior
Togekiss,Arcanine,Venusaur,Gyarados,Donphan,Mimikyu
Politoed,Heliolisk,Toxicroak,Kabutops,Swampert,Dragonite
Gliscor,Weavile,Toxapex,Kommo-o,Rotom-Wash,Venusaur
Beedrill,Slurpuff,Snorlax,Ferrothorn,Slowking,Thundurus-Therian
Tauros,Salazzle,Guzzlord,Nihilego,Heracross,Slowbro
Garchomp,Salamence,Charizard,Metagross,Nidoking,Kartana
Charizard,Volcarona,Rotom-Heat,Chandelure,Infernape,Darmanitan
Heatran,Magnezone,Landorus-Therian,Beedrill,Starmie,Latias
Volcarona,Empoleon,Venusaur,Tapu Lele,Dragonite,Mamoswine
Charizard,Gyarados,Weavile,Tyranitar,Gengar,Excadrill
Greninja,Tapu Lele,Blacephalon,Celesteela,Landorus-Therian,Latios
Scizor,Greninja,Gliscor,Magnezone,Zapdos,Tapu Bulu
Lilligant,Dragonite,Landorus-Therian,Dragalge,Hoopa-Unbound,Shuckle
Tapu Lele,Magnezone,Kartana,Greninja,Tornadus-Therian,Tangrowth
Pelipper,Ferrothorn,Noivern,Politoed,Manectric,Kingdra
Beedrill,Serperior,Tapu Lele,Zapdos,Chansey,Kartana
Charizard,Nidoking,Metagross,Scizor,Tyranitar,Volcanion
Mawile,Azumarill,Staraptor,Volcarona,Tapu Koko,Latias
Goodra,Conkeldurr,Volcarona,Rotom-Wash,Serperior,Sableye
Rotom-Heat,Latias,Conkeldurr,Roserade,Azumarill,Excadrill
Gigalith,Excadrill,Kartana,Heliolisk,Flygon,Tyranitar
Electrode,Tapu Koko,Manectric,Landorus-Therian,Chansey,Greninja
Hoopa-Unbound,Venusaur,Doublade,Tsareena,Miltank,Aromatisse
Mamoswine,Tapu Koko,Hawlucha,Manectric,Serperior,Blacephalon
Venusaur,Tapu Lele,Toxapex,Celesteela,Thundurus-Therian,Volcarona
Tapu Koko,Celesteela,Lopunny,Rotom-Wash,Gliscor,Volcarona
Tapu Bulu,Heatran,Rotom-Wash,Landorus-Therian,Scizor,Hoopa-Unbound
Ferrothorn,Serperior,Kartana,Tapu Bulu,Tangrowth,Venusaur
Alakazam,Chansey,Gliscor,Tapu Lele,Skarmory,Greninja
Kommo-o,Mismagius,Blastoise,Tapu Koko,Incineroar,Ferrothorn
Landorus-Therian,Gyarados,Tapu Lele,Kartana,Hawlucha,Blacephalon
Liepard,Skarmory,Landorus-Therian,Greninja,Serperior,Scizor
Beedrill,Slurpuff,Snorlax,Ferrothorn,Slowking,Thundurus-Therian
Shuckle,Lopunny,Bisharp,Tapu Lele,Serperior,Mimikyu
Krookodile,Tapu Bulu,Noivern,Gardevoir,Heatran,Electivire
Clefable,Mawile,Heatran,Gastrodon-East,Tornadus-Therian,Landorus-Therian
Beedrill,Serperior,Tapu Lele,Zapdos,Chansey,Kartana
Latios,Infernape,Tapu Bulu,Snorlax,Vikavolt,Pidgeot
Scizor,Gigalith,Volcarona,Gligar,Primarina,Hydreigon
Pelipper,Ferrothorn,Chansey,Kingdra,Scizor,Togekiss
Clefable,Eelektross,Conkeldurr,Forretress,Cofagrigus,Dragonite
Garchomp,Porygon2,Infernape,Sableye,Dragonite,Salazzle
Tornadus-Therian,Gastrodon,Garchomp,Kartana,Charizard,Zapdos
Charizard,Tapu Bulu,Landorus-Therian,Chansey,Reuniclus,Greninja
Charizard,Volcarona,Rotom-Heat,Chandelure,Infernape,Darmanitan
Tapu Bulu,Heatran,Rotom-Wash,Landorus-Therian,Scizor,Hoopa-Unbound
Charizard,Venusaur,Tyranitar,Excadrill,Pelipper,Abomasnow
Toxapex,Ferrothorn,Blacephalon,Excadrill,Skarmory,Scolipede
Tapu Bulu,Heatran,Rotom-Wash,Landorus-Therian,Scizor,Hoopa-Unbound
Pelipper,Swampert,Kabutops,Kingdra,Chansey,Ludicolo
Tapu Bulu,Heatran,Rotom-Wash,Landorus-Therian,Scizor,Hoopa-Unbound
Gengar,Venusaur,Gliscor,Tapu Koko,Hawlucha,Incineroar
Charizard,Gyarados,Weavile,Tyranitar,Gengar,Excadrill
Crobat,Gastrodon,Gyarados,Linoone,Liepard,Aerodactyl
Celesteela,Toxapex,Landorus-Therian,Heatran,Greninja,Mawile
Kartana,Landorus-Therian,Tyranitar,Magnezone,Tornadus-Therian,Gastrodon-East
Hydreigon,Gliscor,Gallade,Gyarados,Porygon2,Scizor
Tapu Bulu,Heatran,Rotom-Wash,Landorus-Therian,Scizor,Hoopa-Unbound
Toxapex,Ferrothorn,Gliscor,Clefable,Skarmory,Scolipede
Kartana,Umbreon,Gyarados,Zapdos,Porygon-Z,Volcarona
Greninja,Tapu Bulu,Heatran,Scizor,Tapu Koko,Gliscor
Ariados,Toxapex,Rhyperior,Primeape,Chatot,Flaaffy
Dragonite,Magnezone,Greninja,Scizor,Kommo-o,Haxorus
Charizard,Volcarona,Rotom-Heat,Chandelure,Infernape,Darmanitan
Heatran,Greninja,Landorus-Therian,Alakazam,Ferrothorn,Clefable
Incineroar,Tapu Lele,Skarmory,Gastrodon-East,Kartana,Manectric
Excadrill,Lopunny,Tyranitar,Amoonguss,Skarmory,Clefable
Greninja,Heliolisk,Talonflame,Gogoat,Sylveon,Lycanroc-Dusk
Gallade,Ninetales-Alola,Mandibuzz,Archeops,Garchomp,Politoed
Toxapex,Ferrothorn,Gliscor,Clefable,Skarmory,Scolipede
Gigalith,Excadrill,Kartana,Heliolisk,Flygon,Tyranitar
Lopunny,Rotom-Wash,Ferrothorn,Volcarona,Landorus-Therian,Greninja
Volcarona,Hippowdon,Latios,Excadrill,Celesteela,Amoonguss
Heracross,Mimikyu,Araquanid,Bisharp,Landorus-Therian,Xurkitree
Krookodile,Tapu Bulu,Noivern,Gardevoir,Heatran,Electivire
Azumarill,Weavile,Magnezone,Latios,Landorus-Therian,Ferrothorn
Swampert,Charizard,Buzzwole,Hydreigon,Articuno,Ferrothorn
Wobbuffet,Kartana,Raichu-Alola,Charizard,Gyarados,Mimikyu
Tyranitar,Magnezone,Excadrill,Tornadus-Therian,Greninja,Tapu Bulu
Politoed,Heliolisk,Toxicroak,Kabutops,Swampert,Dragonite
Blacephalon,Smeargle,Lopunny,Chansey,Tapu Fini,Tangrowth
Palossand,Blastoise,Turtonator,Ludicolo,Tapu Koko,Toxapex
Ariados,Toxapex,Rhyperior,Primeape,Chatot,Flaaffy
Lopunny,Greninja,Tornadus-Therian,Garchomp,Celesteela,Amoonguss
Medicham,Chansey,Tapu Lele,Rotom-Wash,Tornadus-Therian,Celesteela
Tapu Bulu,Heatran,Rotom-Wash,Landorus-Therian,Scizor,Hoopa-Unbound
Serperior,Landorus-Therian,Ribombee,Xurkitree,Greninja,Garchomp
Tapu Fini,Latias,Volcarona,Greninja,Landorus-Therian,Scizor
Volcanion,Ninetales,Heliolisk,Vileplume,Charizard,Tangrowth
Pelipper,Kingdra,Kabutops,Ludicolo,Excadrill,Dragonite
Garchomp,Tangrowth,Conkeldurr,Starmie,Heatran,Greninja
Scizor,Gliscor,Greninja,Blissey,Tapu Koko,Serperior
Dusknoir,Blastoise,Muk-Alola,Volcarona,Ferrothorn,Persian-Alola
Venusaur,Tangrowth,Landorus-Therian,Heatran,Clefable,Zapdos
Rotom-Wash,Garchomp,Scolipede,Dragonite,Infernape,Yanmega
Rotom-Wash,Tyranitar,Weavile,Alakazam,Clefable,Heatran
Goodra,Conkeldurr,Volcarona,Rotom-Wash,Serperior,Sableye
Torkoal,Kartana,Venusaur,Houndoom,Chansey,Zapdos
Slowbro,Tangrowth,Nidoking,Rotom-Wash,Scizor,Tyranitar
Clefable,Eelektross,Conkeldurr,Forretress,Cofagrigus,Dragonite
Azumarill,Weavile,Magnezone,Latios,Landorus-Therian,Ferrothorn
Greninja,Tapu Lele,Blacephalon,Celesteela,Landorus-Therian,Latios
Blacephalon,Greninja,Charizard,Gyarados,Excadrill,Dragonite
Lopunny,Magnezone,Tapu Fini,Volcarona,Landorus-Therian,Tangrowth
Keldeo-Resolute,Heatran,Landorus-Therian,Celesteela,Tangrowth,Tapu Lele
Azumarill,Tapu Bulu,Kommo-o,Heatran,Ditto,Magnezone
Latias,Tyranitar,Clefable,Excadrill,Volcarona,Tsareena
Kommo-o,Mismagius,Blastoise,Tapu Koko,Incineroar,Ferrothorn
Medicham,Landorus-Therian,Heatran,Tangrowth,Tapu Lele,Rotom-Wash
Tapu Koko,Gliscor,Serperior,Mienshao,Cryogonal,Scizor
Blissey,Garchomp,Manectric,Skarmory,Mimikyu,Incineroar
Medicham,Mimikyu,Minior-Blue,Umbreon,Garchomp,Darmanitan
Honchkrow,Froslass,Zeraora,Dhelmise,Empoleon,Altaria
Hippowdon,Scizor,Heatran,Tapu Lele,Conkeldurr,Rotom-Wash
Celesteela,Medicham,Landorus-Therian,Tapu Koko,Heatran,Toxapex
Tyranitar,Blacephalon,Tornadus-Therian,Ferrothorn,Rotom-Wash,Reuniclus
Medicham,Chansey,Tapu Lele,Rotom-Wash,Tornadus-Therian,Celesteela
Chansey,Sableye,Zapdos,Clefable,Snorlax,Celesteela
Charizard,Ninetales-Alola,Serperior,Kommo-o,Gyarados,Togekiss
Goodra,Conkeldurr,Volcarona,Rotom-Wash,Serperior,Sableye
Toxapex,Clefable,Lopunny,Celesteela,Pelipper,Lapras
Blacephalon,Gyarados,Tyranitar,Garchomp,Serperior,Celesteela
Diggersby,Toxapex,Latias,Scizor,Greninja,Garchomp
Toxapex,Smeargle,Weavile,Espeon,Mimikyu,Kommo-o
Tyranitar,Excadrill,Skarmory,Marowak-Alola,Toxapex,Tangrowth
Beedrill,Serperior,Tapu Lele,Zapdos,Chansey,Kartana
Rotom-Wash,Golem-Alola,Tapu Koko,Zapdos,Manectric,Weavile
Tyranitar,Rotom-Wash,Scizor,Togekiss,Tangrowth,Garchomp
Mamoswine,Clefable,Heatran,Skarmory,Donphan,Hydreigon
Klefki,Latias,Lopunny,Rotom-Wash,Landorus-Therian,Amoonguss
Gallade,Excadrill,Eelektross,Clefable,Houndoom,Gyarados
Uxie,Cofagrigus,Porygon2,Ferrothorn,Crawdaunt,Clamperl
Garchomp,Scizor,Tapu Lele,Tangrowth,Slowbro,Landorus-Therian
Toucannon,Swalot,Haunter,Steelix,Smeargle,Scyther
Gallade,Shedinja,Mimikyu,Tentacruel,Tyranitar,Zapdos
Zeraora,Greninja,Gardevoir,Aurorus,Shuckle,Exploud
Cloyster,Lanturn,Gliscor,Tapu Bulu,Venusaur,Chandelure
Beedrill,Serperior,Tapu Lele,Zapdos,Chansey,Kartana
Heatran,Scizor,Serperior,Greninja,Toxapex,Zapdos
Rotom-Heat,Nihilego,Excadrill,Landorus-Therian,Azumarill,Dragonite
Gardevoir,Porygon-Z,Guzzlord,Eelektross,Dusknoir,Greninja
Vaporeon,Galvantula,Aggron,Crobat,Hydreigon,Gallade
Heatran,Toxapex,Sableye,Skarmory,Clefable,Chansey
Medicham,Greninja,Tapu Bulu,Heatran,Tornadus-Therian,Reuniclus
Torkoal,Kartana,Venusaur,Houndoom,Chansey,Zapdos
Aron,Rattata,Magnemite,Pineco,Cottonee,Solosis
Kingler,Crawdaunt,Crabominable,Clawitzer,Parasect,Crustle
Ribombee,Tapu Lele,Pinsir,Blacephalon,Excadrill,Kartana
Tapu Lele,Medicham,Ferrothorn,Rotom-Wash,Chansey,Zapdos
Ariados,Toxapex,Rhyperior,Primeape,Chatot,Flaaffy
Exeggutor-Alola,Slowbro,Blissey,Weezing,Noctowl,Reuniclus
Greninja,Slurpuff,Kartana,Kommo-o,Charizard,Nihilego
Toxapex,Tornadus-Therian,Ferrothorn,Clefable,Alakazam,Tapu Lele
Scizor,Swampert,Tyranitar,Tapu Fini,Garchomp,Serperior
Greninja,Beedrill,Buzzwole,Typhlosion,Skarmory,Sylveon
Pelipper,Kingdra,Ferrothorn,Tapu Koko,Scizor,Greninja
Conkeldurr,Clefable,Volcarona,Ferrothorn,Tyranitar,Rotom-Wash
Garchomp,Tangrowth,Conkeldurr,Starmie,Heatran,Greninja
Tapu Lele,Landorus-Therian,Excadrill,Greninja,Volcarona,Scizor
Hippowdon,Excadrill,Togekiss,Reuniclus,Azumarill,Gastrodon
Ferrothorn,Abomasnow,Luxray,Flareon,Gengar,Garchomp
